timestamp, name, utilization.gpu [%], memory.used [MiB], power.draw [W]
2026/10/01 00:45:24.649, NVIDIA GeForce RTX 4090, 0 %, 9 MiB, 21.30 W
2026/10/01 00:45:26.653, NVIDIA GeForce RTX 4090, 0 %, 9 MiB, 21.16 W
2026/10/01 00:45:28.653, NVIDIA GeForce RTX 4090, 0 %, 9 MiB, 21.16 W
2026/10/01 00:45:30.653, NVIDIA GeForce RTX 4090, 0 %, 9 MiB, 21.48 W
2026/10/01 00:45:32.654, NVIDIA GeForce RTX 4090, 0 %, 9 MiB, 21.42 W
2026/10/01 00:45:34.654, NVIDIA GeForce RTX 4090, 0 %, 9 MiB, 21.40 W
2026/10/01 00:45:36.654, NVIDIA GeForce RTX 4090, 0 %, 9 MiB, 21.21 W
2026/10/01 00:45:38.655, NVIDIA GeForce RTX 4090, 0 %, 9 MiB, 21.25 W
2026/10/01 00:45:40.655, NVIDIA GeForce RTX 4090, 0 %, 9 MiB, 21.12 W
2026/10/01 00:45:42.656, NVIDIA GeForce RTX 4090, 0 %, 9 MiB, 21.37 W
2026/10/01 00:45:44.656, NVIDIA GeForce RTX 4090, 0 %, 9 MiB, 21.18 W
2026/10/01 00:45:46.656, NVIDIA GeForce RTX 4090, 0 %, 9 MiB, 21.46 W
2026/10/01 00:45:48.657, NVIDIA GeForce RTX 4090, 0 %, 9 MiB, 20.96 W
2026/10/01 00:45:50.657, NVIDIA GeForce RTX 4090, 0 %, 9 MiB, 20.77 W
2026/10/01 00:45:52.658, NVIDIA GeForce RTX 4090, 0 %, 9 MiB, 21.12 W
2026/10/01 00:45:54.658, NVIDIA GeForce RTX 4090, 0 %, 9 MiB, 21.08 W
2026/10/01 00:45:56.659, NVIDIA GeForce RTX 4090, 0 %, 9 MiB, 20.92 W
2026/10/01 00:45:58.659, NVIDIA GeForce RTX 4090, 0 %, 9 MiB, 20.49 W
2026/10/01 00:46:00.660, NVIDIA GeForce RTX 4090, 0 %, 9 MiB, 20.77 W
2026/10/01 00:46:02.660, NVIDIA GeForce RTX 4090, 0 %, 9 MiB, 20.42 W
2026/10/01 00:46:04.661, NVIDIA GeForce RTX 4090, 0 %, 9 MiB, 21.42 W
2026/10/01 00:46:06.661, NVIDIA GeForce RTX 4090, 0 %, 9 MiB, 21.18 W
2026/10/01 00:46:08.661, NVIDIA GeForce RTX 4090, 0 %, 9 MiB, 21.07 W
2026/10/01 00:46:10.662, NVIDIA GeForce RTX 4090, 0 %, 9 MiB, 20.75 W
2026/10/01 00:46:12.662, NVIDIA GeForce RTX 4090, 0 %, 9 MiB, 20.38 W
2026/10/01 00:46:14.662, NVIDIA GeForce RTX 4090, 0 %, 9 MiB, 20.50 W
2026/10/01 00:46:16.663, NVIDIA GeForce RTX 4090, 0 %, 9 MiB, 20.74 W
2026/10/01 00:46:18.663, NVIDIA GeForce RTX 4090, 0 %, 9 MiB, 21.17 W
2026/10/01 00:46:20.663, NVIDIA GeForce RTX 4090, 0 %, 9 MiB, 20.68 W
2026/10/01 00:46:22.664, NVIDIA GeForce RTX 4090, 0 %, 9 MiB, 20.94 W
2026/10/01 00:46:24.664, NVIDIA GeForce RTX 4090, 0 %, 9 MiB, 20.99 W
2026/10/01 00:46:26.664, NVIDIA GeForce RTX 4090, 0 %, 9 MiB, 20.63 W
2026/10/01 00:46:28.665, NVIDIA GeForce RTX 4090, 0 %, 9 MiB, 21.16 W
2026/10/01 00:46:30.665, NVIDIA GeForce RTX 4090, 0 %, 9 MiB, 21.13 W
2026/10/01 00:46:32.665, NVIDIA GeForce RTX 4090, 0 %, 9 MiB, 20.78 W
2026/10/01 00:46:34.666, NVIDIA GeForce RTX 4090, 0 %, 9 MiB, 20.96 W
2026/10/01 00:46:36.666, NVIDIA GeForce RTX 4090, 0 %, 9 MiB, 21.18 W
2026/10/01 00:46:38.667, NVIDIA GeForce RTX 4090, 0 %, 9 MiB, 20.59 W
2026/10/01 00:46:40.667, NVIDIA GeForce RTX 4090, 0 %, 9 MiB, 20.95 W
2026/10/01 00:46:42.667, NVIDIA GeForce RTX 4090, 0 %, 9 MiB, 20.95 W
2026/10/01 00:46:44.668, NVIDIA GeForce RTX 4090, 0 %, 9 MiB, 21.06 W
2026/10/01 00:46:46.668, NVIDIA GeForce RTX 4090, 0 %, 9 MiB, 21.12 W
2026/10/01 00:46:48.669, NVIDIA GeForce RTX 4090, 0 %, 9 MiB, 21.09 W
2026/10/01 00:46:50.669, NVIDIA GeForce RTX 4090, 0 %, 9 MiB, 21.57 W
2026/10/01 00:46:52.669, NVIDIA GeForce RTX 4090, 0 %, 9 MiB, 21.79 W
2026/10/01 00:46:54.670, NVIDIA GeForce RTX 4090, 0 %, 9 MiB, 21.54 W
2026/10/01 00:46:56.670, NVIDIA GeForce RTX 4090, 0 %, 9 MiB, 21.36 W
2026/10/01 00:46:58.671, NVIDIA GeForce RTX 4090, 0 %, 9 MiB, 20.51 W
2026/10/01 00:47:00.671, NVIDIA GeForce RTX 4090, 0 %, 9 MiB, 20.90 W
2026/10/01 00:47:02.672, NVIDIA GeForce RTX 4090, 0 %, 9 MiB, 21.04 W
2026/10/01 00:47:04.672, NVIDIA GeForce RTX 4090, 0 %, 9 MiB, 21.37 W
2026/10/01 00:47:06.673, NVIDIA GeForce RTX 4090, 0 %, 9 MiB, 21.36 W
2026/10/01 00:47:08.673, NVIDIA GeForce RTX 4090, 0 %, 9 MiB, 21.49 W
2026/10/01 00:47:10.673, NVIDIA GeForce RTX 4090, 0 %, 9 MiB, 21.54 W
2026/10/01 00:47:12.935, NVIDIA GeForce RTX 4090, 0 %, 9 MiB, 21.20 W
2026/10/01 00:47:14.935, NVIDIA GeForce RTX 4090, 0 %, 9 MiB, 20.66 W
2026/10/01 00:47:16.936, NVIDIA GeForce RTX 4090, 0 %, 9 MiB, 21.25 W
2026/10/01 00:47:18.936, NVIDIA GeForce RTX 4090, 0 %, 9 MiB, 20.62 W
2026/10/01 00:47:20.936, NVIDIA GeForce RTX 4090, 0 %, 9 MiB, 21.39 W
2026/10/01 00:47:22.937, NVIDIA GeForce RTX 4090, 0 %, 9 MiB, 20.68 W
2026/10/01 00:47:24.937, NVIDIA GeForce RTX 4090, 0 %, 9 MiB, 21.56 W
2026/10/01 00:47:26.937, NVIDIA GeForce RTX 4090, 0 %, 9 MiB, 21.54 W
2026/10/01 00:47:28.938, NVIDIA GeForce RTX 4090, 0 %, 9 MiB, 21.48 W
2026/10/01 00:47:30.938, NVIDIA GeForce RTX 4090, 0 %, 9 MiB, 21.56 W
2026/10/01 00:47:32.938, NVIDIA GeForce RTX 4090, 0 %, 9 MiB, 21.91 W
2026/10/01 00:47:34.939, NVIDIA GeForce RTX 4090, 0 %, 9 MiB, 21.85 W
2026/10/01 00:47:36.939, NVIDIA GeForce RTX 4090, 0 %, 9 MiB, 21.38 W
2026/10/01 00:47:38.940, NVIDIA GeForce RTX 4090, 0 %, 9 MiB, 21.01 W
2026/10/01 00:47:40.940, NVIDIA GeForce RTX 4090, 0 %, 9 MiB, 21.47 W
2026/10/01 00:47:42.940, NVIDIA GeForce RTX 4090, 0 %, 9 MiB, 21.14 W
2026/10/01 00:47:44.941, NVIDIA GeForce RTX 4090, 0 %, 9 MiB, 21.28 W
2026/10/01 00:47:46.941, NVIDIA GeForce RTX 4090, 0 %, 9 MiB, 21.14 W
2026/10/01 00:47:48.942, NVIDIA GeForce RTX 4090, 0 %, 9 MiB, 21.58 W
2026/10/01 00:47:50.942, NVIDIA GeForce RTX 4090, 0 %, 9 MiB, 21.50 W
2026/10/01 00:47:52.943, NVIDIA GeForce RTX 4090, 0 %, 9 MiB, 21.49 W
2026/10/01 00:47:54.943, NVIDIA GeForce RTX 4090, 0 %, 9 MiB, 20.76 W
2026/10/01 00:47:56.943, NVIDIA GeForce RTX 4090, 0 %, 9 MiB, 21.09 W
2026/10/01 00:47:58.944, NVIDIA GeForce RTX 4090, 0 %, 9 MiB, 21.10 W
2026/10/01 00:48:00.944, NVIDIA GeForce RTX 4090, 0 %, 9 MiB, 21.12 W
2026/10/01 00:48:02.945, NVIDIA GeForce RTX 4090, 0 %, 9 MiB, 21.10 W
2026/10/01 00:48:04.945, NVIDIA GeForce RTX 4090, 0 %, 9 MiB, 21.02 W
2026/10/01 00:48:06.945, NVIDIA GeForce RTX 4090, 0 %, 9 MiB, 20.47 W
2026/10/01 00:48:08.946, NVIDIA GeForce RTX 4090, 0 %, 9 MiB, 21.07 W
2026/10/01 00:48:10.946, NVIDIA GeForce RTX 4090, 0 %, 9 MiB, 20.85 W
2026/10/01 00:48:12.946, NVIDIA GeForce RTX 4090, 0 %, 9 MiB, 21.17 W
2026/10/01 00:48:14.947, NVIDIA GeForce RTX 4090, 0 %, 9 MiB, 20.61 W
2026/10/01 00:48:16.947, NVIDIA GeForce RTX 4090, 0 %, 9 MiB, 20.99 W
2026/10/01 00:48:18.947, NVIDIA GeForce RTX 4090, 0 %, 9 MiB, 21.38 W
2026/10/01 00:48:20.948, NVIDIA GeForce RTX 4090, 0 %, 9 MiB, 21.44 W
2026/10/01 00:48:22.948, NVIDIA GeForce RTX 4090, 0 %, 9 MiB, 21.05 W
2026/10/01 00:48:24.949, NVIDIA GeForce RTX 4090, 0 %, 9 MiB, 21.30 W
2026/10/01 00:48:26.949, NVIDIA GeForce RTX 4090, 0 %, 9 MiB, 21.00 W
2026/10/01 00:48:28.949, NVIDIA GeForce RTX 4090, 0 %, 9 MiB, 21.01 W
2026/10/01 00:48:30.950, NVIDIA GeForce RTX 4090, 0 %, 9 MiB, 20.48 W
2026/10/01 00:48:32.950, NVIDIA GeForce RTX 4090, 0 %, 9 MiB, 20.43 W
2026/10/01 00:48:34.950, NVIDIA GeForce RTX 4090, 0 %, 9 MiB, 20.61 W
2026/10/01 00:48:36.951, NVIDIA GeForce RTX 4090, 0 %, 9 MiB, 20.47 W
2026/10/01 00:48:38.951, NVIDIA GeForce RTX 4090, 0 %, 9 MiB, 20.48 W
2026/10/01 00:48:40.952, NVIDIA GeForce RTX 4090, 0 %, 9 MiB, 20.39 W
2026/10/01 00:48:42.952, NVIDIA GeForce RTX 4090, 0 %, 9 MiB, 20.51 W
2026/10/01 00:48:44.952, NVIDIA GeForce RTX 4090, 0 %, 9 MiB, 21.12 W
2026/10/01 00:48:46.953, NVIDIA GeForce RTX 4090, 0 %, 9 MiB, 20.39 W
2026/10/01 00:48:48.953, NVIDIA GeForce RTX 4090, 0 %, 9 MiB, 20.11 W
2026/10/01 00:48:50.953, NVIDIA GeForce RTX 4090, 0 %, 9 MiB, 20.25 W
2026/10/01 00:48:52.954, NVIDIA GeForce RTX 4090, 0 %, 9 MiB, 19.97 W
2026/10/01 00:48:54.954, NVIDIA GeForce RTX 4090, 0 %, 9 MiB, 19.59 W
2026/10/01 00:48:56.955, NVIDIA GeForce RTX 4090, 0 %, 9 MiB, 19.41 W
2026/10/01 00:48:58.955, NVIDIA GeForce RTX 4090, 0 %, 9 MiB, 19.31 W
2026/10/01 00:49:00.955, NVIDIA GeForce RTX 4090, 0 %, 9 MiB, 19.94 W
2026/10/01 00:49:02.956, NVIDIA GeForce RTX 4090, 0 %, 9 MiB, 20.02 W
2026/10/01 00:49:04.956, NVIDIA GeForce RTX 4090, 0 %, 9 MiB, 19.52 W
2026/10/01 00:49:06.957, NVIDIA GeForce RTX 4090, 0 %, 9 MiB, 20.51 W
2026/10/01 00:49:08.957, NVIDIA GeForce RTX 4090, 0 %, 9 MiB, 19.62 W
2026/10/01 00:49:10.958, NVIDIA GeForce RTX 4090, 0 %, 9 MiB, 20.32 W
2026/10/01 00:49:12.958, NVIDIA GeForce RTX 4090, 0 %, 9 MiB, 19.99 W
2026/10/01 00:49:14.959, NVIDIA GeForce RTX 4090, 0 %, 9 MiB, 20.51 W
2026/10/01 00:49:16.959, NVIDIA GeForce RTX 4090, 0 %, 9 MiB, 20.47 W
2026/10/01 00:49:18.959, NVIDIA GeForce RTX 4090, 0 %, 9 MiB, 20.21 W
2026/10/01 00:49:20.960, NVIDIA GeForce RTX 4090, 0 %, 9 MiB, 21.03 W
2026/10/01 00:49:22.960, NVIDIA GeForce RTX 4090, 0 %, 9 MiB, 20.42 W
2026/10/01 00:49:24.960, NVIDIA GeForce RTX 4090, 0 %, 9 MiB, 20.45 W
2026/10/01 00:49:26.961, NVIDIA GeForce RTX 4090, 0 %, 9 MiB, 19.99 W
2026/10/01 00:49:28.961, NVIDIA GeForce RTX 4090, 0 %, 9 MiB, 20.21 W
2026/10/01 00:49:30.961, NVIDIA GeForce RTX 4090, 0 %, 9 MiB, 20.13 W
2026/10/01 00:49:32.962, NVIDIA GeForce RTX 4090, 0 %, 9 MiB, 20.11 W
2026/10/01 00:49:34.962, NVIDIA GeForce RTX 4090, 0 %, 9 MiB, 20.05 W
2026/10/01 00:49:36.963, NVIDIA GeForce RTX 4090, 0 %, 9 MiB, 19.77 W
2026/10/01 00:49:38.963, NVIDIA GeForce RTX 4090, 0 %, 9 MiB, 20.10 W
2026/10/01 00:49:40.963, NVIDIA GeForce RTX 4090, 0 %, 9 MiB, 20.31 W
2026/10/01 00:49:42.964, NVIDIA GeForce RTX 4090, 0 %, 9 MiB, 20.04 W
2026/10/01 00:49:44.964, NVIDIA GeForce RTX 4090, 0 %, 9 MiB, 19.94 W
2026/10/01 00:49:46.964, NVIDIA GeForce RTX 4090, 0 %, 9 MiB, 19.78 W
2026/10/01 00:49:48.965, NVIDIA GeForce RTX 4090, 0 %, 9 MiB, 19.69 W
2026/10/01 00:49:50.965, NVIDIA GeForce RTX 4090, 0 %, 9 MiB, 19.66 W
2026/10/01 00:49:52.966, NVIDIA GeForce RTX 4090, 0 %, 9 MiB, 19.85 W
2026/10/01 00:49:54.966, NVIDIA GeForce RTX 4090, 0 %, 9 MiB, 19.61 W
2026/10/01 00:49:56.966, NVIDIA GeForce RTX 4090, 0 %, 9 MiB, 20.64 W
2026/10/01 00:49:58.967, NVIDIA GeForce RTX 4090, 0 %, 9 MiB, 20.31 W
2026/10/01 00:50:00.967, NVIDIA GeForce RTX 4090, 0 %, 9 MiB, 20.05 W
2026/10/01 00:50:02.967, NVIDIA GeForce RTX 4090, 0 %, 9 MiB, 20.12 W
2026/10/01 00:50:04.968, NVIDIA GeForce RTX 4090, 0 %, 9 MiB, 19.92 W
2026/10/01 00:50:06.968, NVIDIA GeForce RTX 4090, 0 %, 9 MiB, 20.02 W
2026/10/01 00:50:08.969, NVIDIA GeForce RTX 4090, 0 %, 9 MiB, 19.92 W
2026/10/01 00:50:10.969, NVIDIA GeForce RTX 4090, 0 %, 9 MiB, 19.52 W
2026/10/01 00:50:12.969, NVIDIA GeForce RTX 4090, 0 %, 9 MiB, 20.13 W
2026/10/01 00:50:14.970, NVIDIA GeForce RTX 4090, 0 %, 9 MiB, 20.26 W
2026/10/01 00:50:16.970, NVIDIA GeForce RTX 4090, 0 %, 9 MiB, 20.19 W
2026/10/01 00:50:18.970, NVIDIA GeForce RTX 4090, 0 %, 9 MiB, 20.61 W
2026/10/01 00:50:20.971, NVIDIA GeForce RTX 4090, 0 %, 9 MiB, 20.82 W
2026/10/01 00:50:22.971, NVIDIA GeForce RTX 4090, 0 %, 9 MiB, 19.95 W
2026/10/01 00:50:24.972, NVIDIA GeForce RTX 4090, 0 %, 9 MiB, 19.80 W
2026/10/01 00:50:26.972, NVIDIA GeForce RTX 4090, 0 %, 9 MiB, 19.48 W
2026/10/01 00:50:28.972, NVIDIA GeForce RTX 4090, 0 %, 9 MiB, 19.64 W
2026/10/01 00:50:30.973, NVIDIA GeForce RTX 4090, 0 %, 9 MiB, 20.03 W
2026/10/01 00:50:32.973, NVIDIA GeForce RTX 4090, 0 %, 9 MiB, 19.82 W
2026/10/01 00:50:34.973, NVIDIA GeForce RTX 4090, 0 %, 9 MiB, 20.11 W
2026/10/01 00:50:36.974, NVIDIA GeForce RTX 4090, 0 %, 9 MiB, 20.27 W
2026/10/01 00:50:38.974, NVIDIA GeForce RTX 4090, 0 %, 9 MiB, 19.69 W
2026/10/01 00:50:40.975, NVIDIA GeForce RTX 4090, 0 %, 9 MiB, 20.08 W
2026/10/01 00:50:42.975, NVIDIA GeForce RTX 4090, 0 %, 9 MiB, 19.57 W
2026/10/01 00:50:44.975, NVIDIA GeForce RTX 4090, 0 %, 9 MiB, 20.02 W
2026/10/01 00:50:46.976, NVIDIA GeForce RTX 4090, 0 %, 9 MiB, 19.81 W
2026/10/01 00:50:48.976, NVIDIA GeForce RTX 4090, 0 %, 9 MiB, 20.30 W
2026/10/01 00:50:50.976, NVIDIA GeForce RTX 4090, 0 %, 9 MiB, 20.24 W
2026/10/01 00:50:52.977, NVIDIA GeForce RTX 4090, 0 %, 9 MiB, 20.35 W
2026/10/01 00:50:54.977, NVIDIA GeForce RTX 4090, 0 %, 9 MiB, 20.24 W
2026/10/01 00:50:56.977, NVIDIA GeForce RTX 4090, 0 %, 9 MiB, 20.32 W
2026/10/01 00:50:58.978, NVIDIA GeForce RTX 4090, 0 %, 9 MiB, 20.68 W
2026/10/01 00:51:00.978, NVIDIA GeForce RTX 4090, 0 %, 9 MiB, 20.72 W
2026/10/01 00:51:02.979, NVIDIA GeForce RTX 4090, 0 %, 9 MiB, 19.88 W
2026/10/01 00:51:04.979, NVIDIA GeForce RTX 4090, 0 %, 9 MiB, 19.09 W
2026/10/01 00:51:06.980, NVIDIA GeForce RTX 4090, 0 %, 9 MiB, 19.01 W
2026/10/01 00:51:08.980, NVIDIA GeForce RTX 4090, 0 %, 9 MiB, 18.59 W
2026/10/01 00:51:10.980, NVIDIA GeForce RTX 4090, 0 %, 9 MiB, 18.88 W
2026/10/01 00:51:12.981, NVIDIA GeForce RTX 4090, 0 %, 9 MiB, 18.89 W
2026/10/01 00:51:14.981, NVIDIA GeForce RTX 4090, 0 %, 9 MiB, 18.92 W
2026/10/01 00:51:16.982, NVIDIA GeForce RTX 4090, 0 %, 9 MiB, 19.05 W
2026/10/01 00:51:18.982, NVIDIA GeForce RTX 4090, 0 %, 9 MiB, 19.07 W
2026/10/01 00:51:20.982, NVIDIA GeForce RTX 4090, 0 %, 9 MiB, 19.15 W
2026/10/01 00:51:23.380, NVIDIA GeForce RTX 4090, 0 %, 9 MiB, 18.94 W
2026/10/01 00:51:25.381, NVIDIA GeForce RTX 4090, 0 %, 9 MiB, 19.39 W
2026/10/01 00:51:27.381, NVIDIA GeForce RTX 4090, 0 %, 9 MiB, 19.28 W
2026/10/01 00:51:29.381, NVIDIA GeForce RTX 4090, 0 %, 9 MiB, 18.88 W
2026/10/01 00:51:31.382, NVIDIA GeForce RTX 4090, 0 %, 9 MiB, 19.09 W
2026/10/01 00:51:33.382, NVIDIA GeForce RTX 4090, 0 %, 9 MiB, 19.68 W
2026/10/01 00:51:35.383, NVIDIA GeForce RTX 4090, 0 %, 9 MiB, 19.27 W
2026/10/01 00:51:37.383, NVIDIA GeForce RTX 4090, 0 %, 9 MiB, 18.95 W
2026/10/01 00:51:39.383, NVIDIA GeForce RTX 4090, 0 %, 9 MiB, 20.34 W
2026/10/01 00:51:41.384, NVIDIA GeForce RTX 4090, 0 %, 9 MiB, 20.02 W
2026/10/01 00:51:43.384, NVIDIA GeForce RTX 4090, 0 %, 9 MiB, 19.08 W
2026/10/01 00:51:45.384, NVIDIA GeForce RTX 4090, 0 %, 9 MiB, 19.27 W
2026/10/01 00:51:47.385, NVIDIA GeForce RTX 4090, 0 %, 9 MiB, 19.34 W
2026/10/01 00:51:49.385, NVIDIA GeForce RTX 4090, 0 %, 9 MiB, 19.36 W
2026/10/01 00:51:51.385, NVIDIA GeForce RTX 4090, 0 %, 9 MiB, 19.10 W
2026/10/01 00:51:53.386, NVIDIA GeForce RTX 4090, 0 %, 9 MiB, 19.05 W
2026/10/01 00:51:55.386, NVIDIA GeForce RTX 4090, 0 %, 9 MiB, 19.04 W
2026/10/01 00:51:57.386, NVIDIA GeForce RTX 4090, 0 %, 9 MiB, 19.09 W
2026/10/01 00:51:59.387, NVIDIA GeForce RTX 4090, 0 %, 9 MiB, 19.41 W
2026/10/01 00:52:01.387, NVIDIA GeForce RTX 4090, 0 %, 9 MiB, 19.04 W
2026/10/01 00:52:03.387, NVIDIA GeForce RTX 4090, 0 %, 9 MiB, 18.64 W
2026/10/01 00:52:05.388, NVIDIA GeForce RTX 4090, 0 %, 9 MiB, 18.83 W
2026/10/01 00:52:07.388, NVIDIA GeForce RTX 4090, 0 %, 9 MiB, 18.60 W
2026/10/01 00:52:09.388, NVIDIA GeForce RTX 4090, 0 %, 9 MiB, 19.22 W
2026/10/01 00:52:11.389, NVIDIA GeForce RTX 4090, 0 %, 9 MiB, 19.00 W
2026/10/01 00:52:13.389, NVIDIA GeForce RTX 4090, 0 %, 9 MiB, 19.03 W
2026/10/01 00:52:15.390, NVIDIA GeForce RTX 4090, 0 %, 9 MiB, 18.18 W
2026/10/01 00:52:17.390, NVIDIA GeForce RTX 4090, 0 %, 9 MiB, 17.99 W
2026/10/01 00:52:19.390, NVIDIA GeForce RTX 4090, 0 %, 9 MiB, 19.48 W
2026/10/01 00:52:21.391, NVIDIA GeForce RTX 4090, 0 %, 9 MiB, 19.60 W
2026/10/01 00:52:23.391, NVIDIA GeForce RTX 4090, 0 %, 9 MiB, 19.05 W
2026/10/01 00:52:25.391, NVIDIA GeForce RTX 4090, 0 %, 9 MiB, 19.83 W
2026/10/01 00:52:27.392, NVIDIA GeForce RTX 4090, 0 %, 9 MiB, 19.81 W
2026/10/01 00:52:29.392, NVIDIA GeForce RTX 4090, 0 %, 9 MiB, 19.39 W
2026/10/01 00:52:31.392, NVIDIA GeForce RTX 4090, 0 %, 9 MiB, 19.75 W
2026/10/01 00:52:33.393, NVIDIA GeForce RTX 4090, 0 %, 9 MiB, 19.66 W
2026/10/01 00:52:35.393, NVIDIA GeForce RTX 4090, 0 %, 9 MiB, 18.80 W
2026/10/01 00:52:37.394, NVIDIA GeForce RTX 4090, 0 %, 9 MiB, 19.61 W
2026/10/01 00:52:39.394, NVIDIA GeForce RTX 4090, 0 %, 9 MiB, 19.92 W
2026/10/01 00:52:41.394, NVIDIA GeForce RTX 4090, 0 %, 9 MiB, 19.64 W
2026/10/01 00:52:43.395, NVIDIA GeForce RTX 4090, 0 %, 9 MiB, 19.68 W
2026/10/01 00:52:45.395, NVIDIA GeForce RTX 4090, 0 %, 9 MiB, 20.15 W
2026/10/01 00:52:47.395, NVIDIA GeForce RTX 4090, 0 %, 9 MiB, 19.99 W
2026/10/01 00:52:49.396, NVIDIA GeForce RTX 4090, 0 %, 9 MiB, 19.80 W
2026/10/01 00:52:51.396, NVIDIA GeForce RTX 4090, 0 %, 9 MiB, 19.61 W
2026/10/01 00:52:53.396, NVIDIA GeForce RTX 4090, 0 %, 9 MiB, 19.44 W
2026/10/01 00:52:55.397, NVIDIA GeForce RTX 4090, 0 %, 9 MiB, 19.76 W
2026/10/01 00:52:57.397, NVIDIA GeForce RTX 4090, 0 %, 9 MiB, 19.65 W
2026/10/01 00:52:59.397, NVIDIA GeForce RTX 4090, 0 %, 9 MiB, 19.51 W
2026/10/01 00:53:01.398, NVIDIA GeForce RTX 4090, 0 %, 9 MiB, 19.24 W
2026/10/01 00:53:03.398, NVIDIA GeForce RTX 4090, 0 %, 9 MiB, 19.33 W
2026/10/01 00:53:05.399, NVIDIA GeForce RTX 4090, 0 %, 9 MiB, 19.12 W
2026/10/01 00:53:07.399, NVIDIA GeForce RTX 4090, 0 %, 9 MiB, 19.48 W
2026/10/01 00:53:09.399, NVIDIA GeForce RTX 4090, 0 %, 9 MiB, 19.55 W
2026/10/01 00:53:11.400, NVIDIA GeForce RTX 4090, 0 %, 9 MiB, 19.83 W
2026/10/01 00:53:13.400, NVIDIA GeForce RTX 4090, 0 %, 9 MiB, 19.22 W
2026/10/01 00:53:15.400, NVIDIA GeForce RTX 4090, 0 %, 9 MiB, 18.61 W
2026/10/01 00:53:17.401, NVIDIA GeForce RTX 4090, 0 %, 9 MiB, 18.36 W
2026/10/01 00:53:19.401, NVIDIA GeForce RTX 4090, 0 %, 9 MiB, 18.90 W
2026/10/01 00:53:21.401, NVIDIA GeForce RTX 4090, 0 %, 9 MiB, 19.11 W
2026/10/01 00:53:23.402, NVIDIA GeForce RTX 4090, 0 %, 9 MiB, 19.07 W
2026/10/01 00:53:25.402, NVIDIA GeForce RTX 4090, 0 %, 9 MiB, 19.66 W
2026/10/01 00:53:27.402, NVIDIA GeForce RTX 4090, 0 %, 9 MiB, 18.94 W
2026/10/01 00:53:29.403, NVIDIA GeForce RTX 4090, 0 %, 9 MiB, 19.13 W
2026/10/01 00:53:31.403, NVIDIA GeForce RTX 4090, 0 %, 9 MiB, 18.77 W
2026/10/01 00:53:33.403, NVIDIA GeForce RTX 4090, 0 %, 9 MiB, 19.09 W
2026/10/01 00:53:35.404, NVIDIA GeForce RTX 4090, 0 %, 9 MiB, 19.08 W
2026/10/01 00:53:37.404, NVIDIA GeForce RTX 4090, 0 %, 9 MiB, 19.04 W
2026/10/01 00:53:39.404, NVIDIA GeForce RTX 4090, 0 %, 9 MiB, 19.52 W
2026/10/01 00:53:41.405, NVIDIA GeForce RTX 4090, 0 %, 9 MiB, 19.50 W
2026/10/01 00:53:43.405, NVIDIA GeForce RTX 4090, 0 %, 9 MiB, 19.74 W
2026/10/01 00:53:45.405, NVIDIA GeForce RTX 4090, 0 %, 9 MiB, 19.82 W
2026/10/01 00:53:47.406, NVIDIA GeForce RTX 4090, 0 %, 9 MiB, 19.68 W
2026/10/01 00:53:49.406, NVIDIA GeForce RTX 4090, 0 %, 9 MiB, 19.14 W
2026/10/01 00:53:51.406, NVIDIA GeForce RTX 4090, 0 %, 9 MiB, 19.38 W
2026/10/01 00:53:53.407, NVIDIA GeForce RTX 4090, 0 %, 9 MiB, 20.09 W
2026/10/01 00:53:55.407, NVIDIA GeForce RTX 4090, 0 %, 9 MiB, 19.78 W
2026/10/01 00:53:57.407, NVIDIA GeForce RTX 4090, 0 %, 9 MiB, 20.06 W
2026/10/01 00:53:59.408, NVIDIA GeForce RTX 4090, 0 %, 9 MiB, 19.75 W
2026/10/01 00:54:01.408, NVIDIA GeForce RTX 4090, 0 %, 9 MiB, 19.92 W
2026/10/01 00:54:03.408, NVIDIA GeForce RTX 4090, 0 %, 9 MiB, 19.49 W
2026/10/01 00:54:05.409, NVIDIA GeForce RTX 4090, 0 %, 9 MiB, 19.50 W
2026/10/01 00:54:07.409, NVIDIA GeForce RTX 4090, 0 %, 9 MiB, 19.98 W
2026/10/01 00:54:09.409, NVIDIA GeForce RTX 4090, 0 %, 9 MiB, 19.40 W
2026/10/01 00:54:11.410, NVIDIA GeForce RTX 4090, 0 %, 9 MiB, 19.40 W
2026/10/01 00:54:13.410, NVIDIA GeForce RTX 4090, 0 %, 9 MiB, 19.87 W
2026/10/01 00:54:15.410, NVIDIA GeForce RTX 4090, 0 %, 9 MiB, 19.83 W
2026/10/01 00:54:17.411, NVIDIA GeForce RTX 4090, 0 %, 9 MiB, 19.39 W
2026/10/01 00:54:19.411, NVIDIA GeForce RTX 4090, 0 %, 9 MiB, 19.73 W
2026/10/01 00:54:21.411, NVIDIA GeForce RTX 4090, 0 %, 9 MiB, 20.47 W
2026/10/01 00:54:23.412, NVIDIA GeForce RTX 4090, 0 %, 9 MiB, 20.23 W
2026/10/01 00:54:25.412, NVIDIA GeForce RTX 4090, 0 %, 9 MiB, 19.90 W
2026/10/01 00:54:27.412, NVIDIA GeForce RTX 4090, 0 %, 9 MiB, 19.60 W
2026/10/01 00:54:29.413, NVIDIA GeForce RTX 4090, 0 %, 9 MiB, 19.89 W
2026/10/01 00:54:31.413, NVIDIA GeForce RTX 4090, 0 %, 9 MiB, 20.01 W
2026/10/01 00:54:33.414, NVIDIA GeForce RTX 4090, 0 %, 9 MiB, 19.93 W
2026/10/01 00:54:35.414, NVIDIA GeForce RTX 4090, 0 %, 9 MiB, 20.29 W
2026/10/01 00:54:37.457, NVIDIA GeForce RTX 4090, 0 %, 9 MiB, 19.88 W
2026/10/01 00:54:39.458, NVIDIA GeForce RTX 4090, 0 %, 9 MiB, 20.00 W
2026/10/01 00:54:41.458, NVIDIA GeForce RTX 4090, 0 %, 9 MiB, 20.12 W
2026/10/01 00:54:43.459, NVIDIA GeForce RTX 4090, 0 %, 9 MiB, 19.38 W
2026/10/01 00:54:45.459, NVIDIA GeForce RTX 4090, 0 %, 9 MiB, 19.85 W
2026/10/01 00:54:47.459, NVIDIA GeForce RTX 4090, 0 %, 9 MiB, 20.01 W
2026/10/01 00:54:49.460, NVIDIA GeForce RTX 4090, 0 %, 9 MiB, 19.69 W
2026/10/01 00:54:51.460, NVIDIA GeForce RTX 4090, 0 %, 9 MiB, 19.95 W
2026/10/01 00:54:53.460, NVIDIA GeForce RTX 4090, 0 %, 9 MiB, 19.83 W
2026/10/01 00:54:55.461, NVIDIA GeForce RTX 4090, 0 %, 9 MiB, 19.72 W
2026/10/01 00:54:57.461, NVIDIA GeForce RTX 4090, 0 %, 9 MiB, 19.46 W
2026/10/01 00:54:59.461, NVIDIA GeForce RTX 4090, 0 %, 9 MiB, 20.23 W
2026/10/01 00:55:01.462, NVIDIA GeForce RTX 4090, 0 %, 9 MiB, 19.56 W
2026/10/01 00:55:03.462, NVIDIA GeForce RTX 4090, 0 %, 9 MiB, 20.00 W
2026/10/01 00:55:05.462, NVIDIA GeForce RTX 4090, 0 %, 9 MiB, 19.42 W
2026/10/01 00:55:07.463, NVIDIA GeForce RTX 4090, 0 %, 9 MiB, 19.80 W
2026/10/01 00:55:09.463, NVIDIA GeForce RTX 4090, 0 %, 9 MiB, 19.93 W
2026/10/01 00:55:11.464, NVIDIA GeForce RTX 4090, 0 %, 9 MiB, 19.74 W
2026/10/01 00:55:13.464, NVIDIA GeForce RTX 4090, 0 %, 9 MiB, 19.79 W
2026/10/01 00:55:15.464, NVIDIA GeForce RTX 4090, 0 %, 9 MiB, 19.97 W
2026/10/01 00:55:17.465, NVIDIA GeForce RTX 4090, 0 %, 9 MiB, 19.87 W
2026/10/01 00:55:19.465, NVIDIA GeForce RTX 4090, 0 %, 9 MiB, 19.91 W
2026/10/01 00:55:21.466, NVIDIA GeForce RTX 4090, 0 %, 9 MiB, 20.22 W
2026/10/01 00:55:23.466, NVIDIA GeForce RTX 4090, 0 %, 9 MiB, 20.87 W
2026/10/01 00:55:25.467, NVIDIA GeForce RTX 4090, 0 %, 9 MiB, 19.77 W
2026/10/01 00:55:27.467, NVIDIA GeForce RTX 4090, 0 %, 9 MiB, 19.37 W
2026/10/01 00:55:29.468, NVIDIA GeForce RTX 4090, 0 %, 9 MiB, 19.70 W
2026/10/01 00:55:31.468, NVIDIA GeForce RTX 4090, 0 %, 9 MiB, 19.88 W
2026/10/01 00:55:33.468, NVIDIA GeForce RTX 4090, 0 %, 9 MiB, 19.98 W
2026/10/01 00:55:35.469, NVIDIA GeForce RTX 4090, 0 %, 9 MiB, 19.52 W
2026/10/01 00:55:37.469, NVIDIA GeForce RTX 4090, 0 %, 9 MiB, 20.17 W
2026/10/01 00:55:39.469, NVIDIA GeForce RTX 4090, 0 %, 9 MiB, 19.94 W
2026/10/01 00:55:41.470, NVIDIA GeForce RTX 4090, 0 %, 9 MiB, 19.53 W
2026/10/01 00:55:43.470, NVIDIA GeForce RTX 4090, 0 %, 9 MiB, 19.15 W
2026/10/01 00:55:45.470, NVIDIA GeForce RTX 4090, 0 %, 9 MiB, 18.78 W
2026/10/01 00:55:47.471, NVIDIA GeForce RTX 4090, 0 %, 9 MiB, 19.24 W
2026/10/01 00:55:49.471, NVIDIA GeForce RTX 4090, 0 %, 9 MiB, 19.01 W
2026/10/01 00:55:51.471, NVIDIA GeForce RTX 4090, 0 %, 9 MiB, 19.39 W
2026/10/01 00:55:53.472, NVIDIA GeForce RTX 4090, 0 %, 9 MiB, 19.13 W
2026/10/01 00:55:55.472, NVIDIA GeForce RTX 4090, 0 %, 9 MiB, 19.24 W
2026/10/01 00:55:57.472, NVIDIA GeForce RTX 4090, 0 %, 9 MiB, 19.33 W
2026/10/01 00:55:59.473, NVIDIA GeForce RTX 4090, 0 %, 9 MiB, 18.77 W
2026/10/01 00:56:01.473, NVIDIA GeForce RTX 4090, 0 %, 9 MiB, 19.31 W
2026/10/01 00:56:03.474, NVIDIA GeForce RTX 4090, 0 %, 9 MiB, 19.76 W
2026/10/01 00:56:05.474, NVIDIA GeForce RTX 4090, 0 %, 9 MiB, 18.91 W
2026/10/01 00:56:07.474, NVIDIA GeForce RTX 4090, 0 %, 9 MiB, 19.49 W
2026/10/01 00:56:09.475, NVIDIA GeForce RTX 4090, 0 %, 9 MiB, 19.41 W
2026/10/01 00:56:11.475, NVIDIA GeForce RTX 4090, 0 %, 9 MiB, 19.17 W
2026/10/01 00:56:13.475, NVIDIA GeForce RTX 4090, 0 %, 9 MiB, 19.17 W
2026/10/01 00:56:15.476, NVIDIA GeForce RTX 4090, 0 %, 9 MiB, 19.45 W
2026/10/01 00:56:17.476, NVIDIA GeForce RTX 4090, 0 %, 9 MiB, 19.54 W
2026/10/01 00:56:19.476, NVIDIA GeForce RTX 4090, 0 %, 9 MiB, 18.87 W
2026/10/01 00:56:21.477, NVIDIA GeForce RTX 4090, 0 %, 9 MiB, 18.77 W
2026/10/01 00:56:23.477, NVIDIA GeForce RTX 4090, 0 %, 9 MiB, 19.43 W
2026/10/01 00:56:25.477, NVIDIA GeForce RTX 4090, 0 %, 9 MiB, 19.48 W
2026/10/01 00:56:27.478, NVIDIA GeForce RTX 4090, 0 %, 9 MiB, 19.48 W
2026/10/01 00:56:29.478, NVIDIA GeForce RTX 4090, 0 %, 9 MiB, 19.18 W
2026/10/01 00:56:31.479, NVIDIA GeForce RTX 4090, 0 %, 9 MiB, 18.82 W
2026/10/01 00:56:33.479, NVIDIA GeForce RTX 4090, 0 %, 9 MiB, 19.25 W
2026/10/01 00:56:35.479, NVIDIA GeForce RTX 4090, 0 %, 9 MiB, 19.12 W
2026/10/01 00:56:37.480, NVIDIA GeForce RTX 4090, 0 %, 9 MiB, 19.18 W
2026/10/01 00:56:39.480, NVIDIA GeForce RTX 4090, 0 %, 9 MiB, 19.58 W
2026/10/01 00:56:41.480, NVIDIA GeForce RTX 4090, 0 %, 9 MiB, 19.00 W
2026/10/01 00:56:43.481, NVIDIA GeForce RTX 4090, 0 %, 9 MiB, 19.46 W
2026/10/01 00:56:45.481, NVIDIA GeForce RTX 4090, 0 %, 9 MiB, 19.48 W
2026/10/01 00:56:47.481, NVIDIA GeForce RTX 4090, 0 %, 9 MiB, 19.90 W
2026/10/01 00:56:49.482, NVIDIA GeForce RTX 4090, 0 %, 9 MiB, 19.02 W
2026/10/01 00:56:51.482, NVIDIA GeForce RTX 4090, 0 %, 9 MiB, 19.42 W
2026/10/01 00:56:53.482, NVIDIA GeForce RTX 4090, 0 %, 9 MiB, 19.19 W
2026/10/01 00:56:55.483, NVIDIA GeForce RTX 4090, 0 %, 9 MiB, 19.26 W
2026/10/01 00:56:57.483, NVIDIA GeForce RTX 4090, 0 %, 9 MiB, 19.90 W
2026/10/01 00:56:59.484, NVIDIA GeForce RTX 4090, 0 %, 9 MiB, 19.99 W
2026/10/01 00:57:01.484, NVIDIA GeForce RTX 4090, 0 %, 9 MiB, 19.74 W
2026/10/01 00:57:03.485, NVIDIA GeForce RTX 4090, 0 %, 9 MiB, 20.11 W
2026/10/01 00:57:05.485, NVIDIA GeForce RTX 4090, 0 %, 9 MiB, 19.36 W
2026/10/01 00:57:07.485, NVIDIA GeForce RTX 4090, 0 %, 9 MiB, 20.25 W
2026/10/01 00:57:09.486, NVIDIA GeForce RTX 4090, 0 %, 9 MiB, 20.38 W
2026/10/01 00:57:11.486, NVIDIA GeForce RTX 4090, 0 %, 9 MiB, 19.94 W
2026/10/01 00:57:13.487, NVIDIA GeForce RTX 4090, 0 %, 9 MiB, 19.64 W
2026/10/01 00:57:15.487, NVIDIA GeForce RTX 4090, 0 %, 9 MiB, 19.46 W
2026/10/01 00:57:17.488, NVIDIA GeForce RTX 4090, 0 %, 9 MiB, 20.08 W
2026/10/01 00:57:19.488, NVIDIA GeForce RTX 4090, 0 %, 9 MiB, 20.50 W
2026/10/01 00:57:21.488, NVIDIA GeForce RTX 4090, 0 %, 9 MiB, 20.07 W
2026/10/01 00:57:23.489, NVIDIA GeForce RTX 4090, 0 %, 9 MiB, 20.33 W
2026/10/01 00:57:25.489, NVIDIA GeForce RTX 4090, 0 %, 9 MiB, 19.76 W
2026/10/01 00:57:27.490, NVIDIA GeForce RTX 4090, 0 %, 9 MiB, 19.51 W
2026/10/01 00:57:29.490, NVIDIA GeForce RTX 4090, 0 %, 9 MiB, 19.57 W
2026/10/01 00:57:31.491, NVIDIA GeForce RTX 4090, 0 %, 9 MiB, 18.94 W
2026/10/01 00:57:33.491, NVIDIA GeForce RTX 4090, 0 %, 9 MiB, 19.32 W
2026/10/01 00:57:35.492, NVIDIA GeForce RTX 4090, 0 %, 9 MiB, 19.55 W
2026/10/01 00:57:37.492, NVIDIA GeForce RTX 4090, 0 %, 9 MiB, 19.34 W
2026/10/01 00:57:39.493, NVIDIA GeForce RTX 4090, 0 %, 9 MiB, 19.44 W
2026/10/01 00:57:41.493, NVIDIA GeForce RTX 4090, 0 %, 9 MiB, 20.06 W
2026/10/01 00:57:43.493, NVIDIA GeForce RTX 4090, 0 %, 9 MiB, 19.98 W
2026/10/01 00:57:45.494, NVIDIA GeForce RTX 4090, 0 %, 9 MiB, 19.70 W
2026/10/01 00:57:47.494, NVIDIA GeForce RTX 4090, 0 %, 9 MiB, 19.84 W
2026/10/01 00:57:49.495, NVIDIA GeForce RTX 4090, 0 %, 9 MiB, 19.95 W
2026/10/01 00:57:51.495, NVIDIA GeForce RTX 4090, 0 %, 9 MiB, 19.81 W
2026/10/01 00:57:53.496, NVIDIA GeForce RTX 4090, 0 %, 9 MiB, 19.65 W
2026/10/01 00:57:55.496, NVIDIA GeForce RTX 4090, 0 %, 9 MiB, 19.60 W
2026/10/01 00:57:57.496, NVIDIA GeForce RTX 4090, 0 %, 9 MiB, 19.81 W
2026/10/01 00:57:59.497, NVIDIA GeForce RTX 4090, 0 %, 9 MiB, 19.49 W
2026/10/01 00:58:01.497, NVIDIA GeForce RTX 4090, 0 %, 9 MiB, 19.82 W
2026/10/01 00:58:03.498, NVIDIA GeForce RTX 4090, 0 %, 9 MiB, 19.73 W
2026/10/01 00:58:05.498, NVIDIA GeForce RTX 4090, 0 %, 9 MiB, 19.17 W
2026/10/01 00:58:07.499, NVIDIA GeForce RTX 4090, 0 %, 9 MiB, 18.61 W
2026/10/01 00:58:09.499, NVIDIA GeForce RTX 4090, 0 %, 9 MiB, 18.82 W
2026/10/01 00:58:11.499, NVIDIA GeForce RTX 4090, 0 %, 9 MiB, 19.08 W
2026/10/01 00:58:13.500, NVIDIA GeForce RTX 4090, 0 %, 9 MiB, 18.90 W
2026/10/01 00:58:15.500, NVIDIA GeForce RTX 4090, 0 %, 9 MiB, 19.10 W
2026/10/01 00:58:17.501, NVIDIA GeForce RTX 4090, 0 %, 9 MiB, 18.93 W
2026/10/01 00:58:19.501, NVIDIA GeForce RTX 4090, 0 %, 9 MiB, 18.87 W
2026/10/01 00:58:21.502, NVIDIA GeForce RTX 4090, 0 %, 9 MiB, 18.45 W
2026/10/01 00:58:23.502, NVIDIA GeForce RTX 4090, 0 %, 9 MiB, 19.02 W
2026/10/01 00:58:25.503, NVIDIA GeForce RTX 4090, 0 %, 9 MiB, 18.53 W
2026/10/01 00:58:27.503, NVIDIA GeForce RTX 4090, 0 %, 9 MiB, 18.54 W
2026/10/01 00:58:29.504, NVIDIA GeForce RTX 4090, 0 %, 9 MiB, 18.74 W
2026/10/01 00:58:31.504, NVIDIA GeForce RTX 4090, 0 %, 9 MiB, 18.36 W
2026/10/01 00:58:33.505, NVIDIA GeForce RTX 4090, 0 %, 9 MiB, 18.83 W
2026/10/01 00:58:35.505, NVIDIA GeForce RTX 4090, 0 %, 9 MiB, 18.52 W
2026/10/01 00:58:37.506, NVIDIA GeForce RTX 4090, 0 %, 9 MiB, 18.49 W
2026/10/01 00:58:39.506, NVIDIA GeForce RTX 4090, 0 %, 9 MiB, 19.11 W
2026/10/01 00:58:41.507, NVIDIA GeForce RTX 4090, 0 %, 9 MiB, 18.65 W
2026/10/01 00:58:43.507, NVIDIA GeForce RTX 4090, 0 %, 9 MiB, 18.46 W
2026/10/01 00:58:45.508, NVIDIA GeForce RTX 4090, 0 %, 9 MiB, 18.68 W
2026/10/01 00:58:47.508, NVIDIA GeForce RTX 4090, 0 %, 9 MiB, 18.72 W
2026/10/01 00:58:49.509, NVIDIA GeForce RTX 4090, 0 %, 9 MiB, 18.65 W
2026/10/01 00:58:51.509, NVIDIA GeForce RTX 4090, 0 %, 9 MiB, 18.49 W
2026/10/01 00:58:53.510, NVIDIA GeForce RTX 4090, 0 %, 9 MiB, 18.32 W
2026/10/01 00:58:55.510, NVIDIA GeForce RTX 4090, 0 %, 9 MiB, 17.86 W
2026/10/01 00:58:57.511, NVIDIA GeForce RTX 4090, 0 %, 9 MiB, 18.09 W
2026/10/01 00:58:59.511, NVIDIA GeForce RTX 4090, 0 %, 9 MiB, 18.03 W
2026/10/01 00:59:01.512, NVIDIA GeForce RTX 4090, 0 %, 9 MiB, 17.95 W
2026/10/01 00:59:03.512, NVIDIA GeForce RTX 4090, 0 %, 9 MiB, 18.36 W
2026/10/01 00:59:05.513, NVIDIA GeForce RTX 4090, 0 %, 9 MiB, 18.23 W
2026/10/01 00:59:07.513, NVIDIA GeForce RTX 4090, 0 %, 9 MiB, 18.90 W
2026/10/01 00:59:09.514, NVIDIA GeForce RTX 4090, 0 %, 9 MiB, 18.85 W
2026/10/01 00:59:11.514, NVIDIA GeForce RTX 4090, 0 %, 9 MiB, 18.55 W
2026/10/01 00:59:13.515, NVIDIA GeForce RTX 4090, 0 %, 9 MiB, 17.78 W
2026/10/01 00:59:15.515, NVIDIA GeForce RTX 4090, 0 %, 9 MiB, 18.30 W
2026/10/01 00:59:17.516, NVIDIA GeForce RTX 4090, 0 %, 9 MiB, 17.76 W
2026/10/01 00:59:19.516, NVIDIA GeForce RTX 4090, 0 %, 9 MiB, 17.00 W
2026/10/01 00:59:21.517, NVIDIA GeForce RTX 4090, 0 %, 9 MiB, 17.56 W
2026/10/01 00:59:23.517, NVIDIA GeForce RTX 4090, 0 %, 9 MiB, 17.80 W
2026/10/01 00:59:25.518, NVIDIA GeForce RTX 4090, 0 %, 9 MiB, 17.97 W
2026/10/01 00:59:27.518, NVIDIA GeForce RTX 4090, 0 %, 9 MiB, 18.44 W
2026/10/01 00:59:29.519, NVIDIA GeForce RTX 4090, 0 %, 9 MiB, 18.49 W
2026/10/01 00:59:31.519, NVIDIA GeForce RTX 4090, 0 %, 9 MiB, 18.92 W
2026/10/01 00:59:33.520, NVIDIA GeForce RTX 4090, 0 %, 9 MiB, 18.12 W
2026/10/01 00:59:35.520, NVIDIA GeForce RTX 4090, 0 %, 9 MiB, 18.90 W
2026/10/01 00:59:37.521, NVIDIA GeForce RTX 4090, 0 %, 9 MiB, 18.66 W
2026/10/01 00:59:39.521, NVIDIA GeForce RTX 4090, 0 %, 9 MiB, 18.46 W
2026/10/01 00:59:41.522, NVIDIA GeForce RTX 4090, 0 %, 9 MiB, 18.93 W
2026/10/01 00:59:43.522, NVIDIA GeForce RTX 4090, 0 %, 9 MiB, 19.23 W
2026/10/01 00:59:45.523, NVIDIA GeForce RTX 4090, 0 %, 9 MiB, 19.46 W
2026/10/01 00:59:47.523, NVIDIA GeForce RTX 4090, 0 %, 9 MiB, 18.90 W
2026/10/01 00:59:49.524, NVIDIA GeForce RTX 4090, 0 %, 9 MiB, 18.22 W
2026/10/01 00:59:51.524, NVIDIA GeForce RTX 4090, 0 %, 9 MiB, 18.77 W
2026/10/01 00:59:53.525, NVIDIA GeForce RTX 4090, 0 %, 9 MiB, 18.93 W
2026/10/01 00:59:55.525, NVIDIA GeForce RTX 4090, 0 %, 9 MiB, 19.00 W
2026/10/01 00:59:57.526, NVIDIA GeForce RTX 4090, 0 %, 9 MiB, 19.24 W
2026/10/01 00:59:59.526, NVIDIA GeForce RTX 4090, 0 %, 9 MiB, 19.30 W
2026/10/01 01:00:01.527, NVIDIA GeForce RTX 4090, 0 %, 9 MiB, 19.02 W
2026/10/01 01:00:03.527, NVIDIA GeForce RTX 4090, 0 %, 9 MiB, 18.90 W
2026/10/01 01:00:05.527, NVIDIA GeForce RTX 4090, 0 %, 9 MiB, 18.21 W
2026/10/01 01:00:07.528, NVIDIA GeForce RTX 4090, 0 %, 9 MiB, 18.67 W
2026/10/01 01:00:09.528, NVIDIA GeForce RTX 4090, 0 %, 9 MiB, 19.36 W
2026/10/01 01:00:11.529, NVIDIA GeForce RTX 4090, 0 %, 9 MiB, 19.44 W
2026/10/01 01:00:13.529, NVIDIA GeForce RTX 4090, 0 %, 9 MiB, 20.14 W
2026/10/01 01:00:15.529, NVIDIA GeForce RTX 4090, 0 %, 9 MiB, 20.38 W
2026/10/01 01:00:17.530, NVIDIA GeForce RTX 4090, 0 %, 9 MiB, 19.12 W
2026/10/01 01:00:19.530, NVIDIA GeForce RTX 4090, 0 %, 9 MiB, 19.40 W
2026/10/01 01:00:21.531, NVIDIA GeForce RTX 4090, 0 %, 9 MiB, 19.90 W
2026/10/01 01:00:23.532, NVIDIA GeForce RTX 4090, 0 %, 9 MiB, 19.44 W
2026/10/01 01:00:25.532, NVIDIA GeForce RTX 4090, 0 %, 9 MiB, 19.83 W
2026/10/01 01:00:27.533, NVIDIA GeForce RTX 4090, 0 %, 9 MiB, 20.05 W
2026/10/01 01:00:29.533, NVIDIA GeForce RTX 4090, 0 %, 9 MiB, 20.04 W
2026/10/01 01:00:31.534, NVIDIA GeForce RTX 4090, 0 %, 9 MiB, 20.15 W
2026/10/01 01:00:33.534, NVIDIA GeForce RTX 4090, 0 %, 9 MiB, 20.40 W
2026/10/01 01:00:35.534, NVIDIA GeForce RTX 4090, 0 %, 9 MiB, 20.51 W
2026/10/01 01:00:37.535, NVIDIA GeForce RTX 4090, 0 %, 9 MiB, 19.99 W
2026/10/01 01:00:39.535, NVIDIA GeForce RTX 4090, 0 %, 9 MiB, 19.71 W
2026/10/01 01:00:41.536, NVIDIA GeForce RTX 4090, 0 %, 9 MiB, 19.90 W
2026/10/01 01:00:43.536, NVIDIA GeForce RTX 4090, 0 %, 9 MiB, 19.79 W
2026/10/01 01:00:45.537, NVIDIA GeForce RTX 4090, 0 %, 9 MiB, 19.94 W
2026/10/01 01:00:47.537, NVIDIA GeForce RTX 4090, 0 %, 9 MiB, 20.17 W
2026/10/01 01:00:49.537, NVIDIA GeForce RTX 4090, 0 %, 9 MiB, 19.93 W
2026/10/01 01:00:51.538, NVIDIA GeForce RTX 4090, 0 %, 9 MiB, 20.23 W
2026/10/01 01:00:53.538, NVIDIA GeForce RTX 4090, 0 %, 9 MiB, 20.72 W
2026/10/01 01:00:55.538, NVIDIA GeForce RTX 4090, 0 %, 12 MiB, 20.70 W
2026/10/01 01:00:57.539, NVIDIA GeForce RTX 4090, 2 %, 2172 MiB, 77.35 W
2026/10/01 01:00:59.539, NVIDIA GeForce RTX 4090, 1 %, 3424 MiB, 76.93 W
2026/10/01 01:01:01.540, NVIDIA GeForce RTX 4090, 0 %, 4970 MiB, 76.94 W
2026/10/01 01:01:03.540, NVIDIA GeForce RTX 4090, 0 %, 4970 MiB, 76.47 W
2026/10/01 01:01:05.540, NVIDIA GeForce RTX 4090, 0 %, 4970 MiB, 76.47 W
2026/10/01 01:01:07.541, NVIDIA GeForce RTX 4090, 0 %, 4970 MiB, 76.48 W
2026/10/01 01:01:09.541, NVIDIA GeForce RTX 4090, 0 %, 4970 MiB, 76.48 W
2026/10/01 01:01:11.542, NVIDIA GeForce RTX 4090, 0 %, 4970 MiB, 76.49 W
2026/10/01 01:01:13.542, NVIDIA GeForce RTX 4090, 0 %, 4970 MiB, 76.46 W
2026/10/01 01:01:15.542, NVIDIA GeForce RTX 4090, 0 %, 4970 MiB, 76.48 W
2026/10/01 01:01:17.543, NVIDIA GeForce RTX 4090, 0 %, 5036 MiB, 56.79 W
2026/10/01 01:01:19.543, NVIDIA GeForce RTX 4090, 0 %, 5036 MiB, 27.51 W
2026/10/01 01:01:21.543, NVIDIA GeForce RTX 4090, 0 %, 5036 MiB, 21.83 W
2026/10/01 01:01:23.544, NVIDIA GeForce RTX 4090, 0 %, 5036 MiB, 21.34 W
2026/10/01 01:01:25.544, NVIDIA GeForce RTX 4090, 0 %, 5036 MiB, 20.46 W
2026/10/01 01:01:27.545, NVIDIA GeForce RTX 4090, 0 %, 5036 MiB, 20.58 W
2026/10/01 01:01:29.545, NVIDIA GeForce RTX 4090, 0 %, 5036 MiB, 20.40 W
2026/10/01 01:01:31.545, NVIDIA GeForce RTX 4090, 0 %, 5036 MiB, 21.06 W
2026/10/01 01:01:33.546, NVIDIA GeForce RTX 4090, 0 %, 5036 MiB, 20.49 W
2026/10/01 01:01:35.546, NVIDIA GeForce RTX 4090, 0 %, 5036 MiB, 20.96 W
2026/10/01 01:01:37.547, NVIDIA GeForce RTX 4090, 0 %, 5036 MiB, 20.41 W
2026/10/01 01:01:39.547, NVIDIA GeForce RTX 4090, 0 %, 5036 MiB, 20.52 W
2026/10/01 01:01:41.547, NVIDIA GeForce RTX 4090, 0 %, 5036 MiB, 20.03 W
2026/10/01 01:01:43.550, NVIDIA GeForce RTX 4090, 0 %, 5036 MiB, 19.69 W
2026/10/01 01:01:45.550, NVIDIA GeForce RTX 4090, 0 %, 5360 MiB, 19.42 W
2026/10/01 01:01:47.551, NVIDIA GeForce RTX 4090, 0 %, 23400 MiB, 90.86 W
2026/10/01 01:01:49.551, NVIDIA GeForce RTX 4090, 0 %, 23796 MiB, 101.30 W
2026/10/01 01:01:51.551, NVIDIA GeForce RTX 4090, 86 %, 23880 MiB, 194.09 W
2026/10/01 01:01:53.552, NVIDIA GeForce RTX 4090, 79 %, 23898 MiB, 233.04 W
2026/10/01 01:01:55.552, NVIDIA GeForce RTX 4090, 81 %, 23898 MiB, 205.07 W
2026/10/01 01:01:57.553, NVIDIA GeForce RTX 4090, 85 %, 23898 MiB, 242.13 W
2026/10/01 01:01:59.553, NVIDIA GeForce RTX 4090, 83 %, 23898 MiB, 238.91 W
2026/10/01 01:02:01.553, NVIDIA GeForce RTX 4090, 82 %, 23898 MiB, 225.62 W
2026/10/01 01:02:03.554, NVIDIA GeForce RTX 4090, 85 %, 23898 MiB, 242.63 W
2026/10/01 01:02:05.554, NVIDIA GeForce RTX 4090, 77 %, 23898 MiB, 238.18 W
2026/10/01 01:02:07.554, NVIDIA GeForce RTX 4090, 81 %, 23898 MiB, 237.85 W
2026/10/01 01:02:09.554, NVIDIA GeForce RTX 4090, 84 %, 23898 MiB, 241.16 W
2026/10/01 01:02:11.555, NVIDIA GeForce RTX 4090, 82 %, 23898 MiB, 222.73 W
2026/10/01 01:02:13.555, NVIDIA GeForce RTX 4090, 83 %, 23898 MiB, 241.82 W
2026/10/01 01:02:15.555, NVIDIA GeForce RTX 4090, 78 %, 23898 MiB, 237.75 W
2026/10/01 01:02:17.556, NVIDIA GeForce RTX 4090, 86 %, 23898 MiB, 247.56 W
2026/10/01 01:02:19.556, NVIDIA GeForce RTX 4090, 87 %, 23898 MiB, 250.07 W
2026/10/01 01:02:21.556, NVIDIA GeForce RTX 4090, 67 %, 23898 MiB, 249.03 W
2026/10/01 01:02:23.557, NVIDIA GeForce RTX 4090, 79 %, 23898 MiB, 255.60 W
2026/10/01 01:02:25.557, NVIDIA GeForce RTX 4090, 85 %, 23898 MiB, 256.00 W
2026/10/01 01:02:27.557, NVIDIA GeForce RTX 4090, 84 %, 23898 MiB, 251.97 W
2026/10/01 01:02:29.558, NVIDIA GeForce RTX 4090, 86 %, 23898 MiB, 247.91 W
2026/10/01 01:02:31.558, NVIDIA GeForce RTX 4090, 80 %, 23898 MiB, 256.59 W
2026/10/01 01:02:33.558, NVIDIA GeForce RTX 4090, 80 %, 23898 MiB, 249.51 W
2026/10/01 01:02:35.559, NVIDIA GeForce RTX 4090, 87 %, 23898 MiB, 257.89 W
2026/10/01 01:02:37.559, NVIDIA GeForce RTX 4090, 85 %, 23898 MiB, 254.69 W
2026/10/01 01:02:39.559, NVIDIA GeForce RTX 4090, 88 %, 23898 MiB, 251.44 W
2026/10/01 01:02:41.560, NVIDIA GeForce RTX 4090, 99 %, 23898 MiB, 263.48 W
2026/10/01 01:02:43.560, NVIDIA GeForce RTX 4090, 99 %, 23898 MiB, 272.61 W
2026/10/01 01:02:45.560, NVIDIA GeForce RTX 4090, 99 %, 23898 MiB, 291.64 W
2026/10/01 01:02:47.561, NVIDIA GeForce RTX 4090, 99 %, 23898 MiB, 286.37 W
2026/10/01 01:02:49.561, NVIDIA GeForce RTX 4090, 99 %, 23898 MiB, 283.59 W
2026/10/01 01:02:51.561, NVIDIA GeForce RTX 4090, 99 %, 23898 MiB, 291.39 W
2026/10/01 01:02:53.562, NVIDIA GeForce RTX 4090, 99 %, 23898 MiB, 289.14 W
2026/10/01 01:02:55.562, NVIDIA GeForce RTX 4090, 99 %, 23898 MiB, 281.18 W
2026/10/01 01:02:57.562, NVIDIA GeForce RTX 4090, 99 %, 23898 MiB, 290.78 W
2026/10/01 01:02:59.563, NVIDIA GeForce RTX 4090, 99 %, 23898 MiB, 284.10 W
2026/10/01 01:03:01.563, NVIDIA GeForce RTX 4090, 99 %, 23898 MiB, 285.46 W
2026/10/01 01:03:03.563, NVIDIA GeForce RTX 4090, 99 %, 23898 MiB, 292.39 W
2026/10/01 01:03:05.564, NVIDIA GeForce RTX 4090, 99 %, 23898 MiB, 287.37 W
2026/10/01 01:03:07.564, NVIDIA GeForce RTX 4090, 99 %, 23898 MiB, 289.08 W
2026/10/01 01:03:09.564, NVIDIA GeForce RTX 4090, 93 %, 23898 MiB, 284.52 W
2026/10/01 01:03:11.565, NVIDIA GeForce RTX 4090, 99 %, 23898 MiB, 286.90 W
2026/10/01 01:03:13.565, NVIDIA GeForce RTX 4090, 99 %, 23898 MiB, 291.54 W
2026/10/01 01:03:15.565, NVIDIA GeForce RTX 4090, 99 %, 23898 MiB, 290.46 W
2026/10/01 01:03:17.566, NVIDIA GeForce RTX 4090, 99 %, 23898 MiB, 291.07 W
2026/10/01 01:03:19.566, NVIDIA GeForce RTX 4090, 99 %, 23898 MiB, 293.96 W
2026/10/01 01:03:21.566, NVIDIA GeForce RTX 4090, 89 %, 23898 MiB, 269.99 W
2026/10/01 01:03:23.567, NVIDIA GeForce RTX 4090, 89 %, 23898 MiB, 221.05 W
2026/10/01 01:03:25.567, NVIDIA GeForce RTX 4090, 82 %, 23898 MiB, 246.48 W
2026/10/01 01:03:27.567, NVIDIA GeForce RTX 4090, 88 %, 23898 MiB, 233.62 W
2026/10/01 01:03:29.568, NVIDIA GeForce RTX 4090, 87 %, 23898 MiB, 259.85 W
2026/10/01 01:03:31.568, NVIDIA GeForce RTX 4090, 78 %, 23898 MiB, 258.99 W
2026/10/01 01:03:33.568, NVIDIA GeForce RTX 4090, 85 %, 23898 MiB, 270.89 W
2026/10/01 01:03:35.569, NVIDIA GeForce RTX 4090, 92 %, 23898 MiB, 270.78 W
2026/10/01 01:03:37.569, NVIDIA GeForce RTX 4090, 56 %, 23898 MiB, 225.24 W
2026/10/01 01:03:39.569, NVIDIA GeForce RTX 4090, 90 %, 23898 MiB, 250.84 W
2026/10/01 01:03:41.570, NVIDIA GeForce RTX 4090, 89 %, 23898 MiB, 263.45 W
2026/10/01 01:03:43.570, NVIDIA GeForce RTX 4090, 93 %, 23898 MiB, 270.52 W
2026/10/01 01:03:45.570, NVIDIA GeForce RTX 4090, 92 %, 23898 MiB, 263.89 W
2026/10/01 01:03:47.570, NVIDIA GeForce RTX 4090, 95 %, 23898 MiB, 274.89 W
2026/10/01 01:03:49.571, NVIDIA GeForce RTX 4090, 92 %, 23898 MiB, 277.34 W
2026/10/01 01:03:51.571, NVIDIA GeForce RTX 4090, 90 %, 23898 MiB, 263.29 W
2026/10/01 01:03:53.571, NVIDIA GeForce RTX 4090, 89 %, 23898 MiB, 267.63 W
2026/10/01 01:03:55.572, NVIDIA GeForce RTX 4090, 86 %, 23898 MiB, 274.98 W
2026/10/01 01:03:57.572, NVIDIA GeForce RTX 4090, 81 %, 23898 MiB, 263.18 W
2026/10/01 01:03:59.572, NVIDIA GeForce RTX 4090, 87 %, 23898 MiB, 264.89 W
2026/10/01 01:04:01.573, NVIDIA GeForce RTX 4090, 83 %, 23898 MiB, 266.51 W
2026/10/01 01:04:03.573, NVIDIA GeForce RTX 4090, 88 %, 23898 MiB, 267.86 W
2026/10/01 01:04:05.573, NVIDIA GeForce RTX 4090, 85 %, 23898 MiB, 274.59 W
2026/10/01 01:04:07.574, NVIDIA GeForce RTX 4090, 94 %, 23898 MiB, 267.37 W
2026/10/01 01:04:09.574, NVIDIA GeForce RTX 4090, 83 %, 23898 MiB, 269.50 W
2026/10/01 01:04:11.574, NVIDIA GeForce RTX 4090, 95 %, 23898 MiB, 264.44 W
2026/10/01 01:04:13.575, NVIDIA GeForce RTX 4090, 90 %, 23898 MiB, 249.39 W
2026/10/01 01:04:15.575, NVIDIA GeForce RTX 4090, 85 %, 23898 MiB, 271.24 W
2026/10/01 01:04:17.576, NVIDIA GeForce RTX 4090, 86 %, 23898 MiB, 268.76 W
2026/10/01 01:04:19.576, NVIDIA GeForce RTX 4090, 89 %, 23898 MiB, 279.75 W
2026/10/01 01:04:21.576, NVIDIA GeForce RTX 4090, 92 %, 23898 MiB, 275.89 W
2026/10/01 01:04:23.577, NVIDIA GeForce RTX 4090, 90 %, 23898 MiB, 288.52 W
2026/10/01 01:04:25.577, NVIDIA GeForce RTX 4090, 94 %, 23898 MiB, 275.97 W
2026/10/01 01:04:27.578, NVIDIA GeForce RTX 4090, 88 %, 23898 MiB, 281.59 W
2026/10/01 01:04:29.578, NVIDIA GeForce RTX 4090, 86 %, 23898 MiB, 269.15 W
2026/10/01 01:04:31.578, NVIDIA GeForce RTX 4090, 91 %, 23898 MiB, 269.48 W
2026/10/01 01:04:33.579, NVIDIA GeForce RTX 4090, 95 %, 23898 MiB, 279.93 W
2026/10/01 01:04:35.579, NVIDIA GeForce RTX 4090, 87 %, 23898 MiB, 275.09 W
2026/10/01 01:04:37.580, NVIDIA GeForce RTX 4090, 97 %, 23898 MiB, 280.99 W
2026/10/01 01:04:39.580, NVIDIA GeForce RTX 4090, 91 %, 23898 MiB, 277.27 W
2026/10/01 01:04:41.580, NVIDIA GeForce RTX 4090, 84 %, 23898 MiB, 263.83 W
2026/10/01 01:04:43.581, NVIDIA GeForce RTX 4090, 87 %, 23898 MiB, 252.94 W
2026/10/01 01:04:45.581, NVIDIA GeForce RTX 4090, 99 %, 23898 MiB, 262.87 W
2026/10/01 01:04:47.582, NVIDIA GeForce RTX 4090, 90 %, 23898 MiB, 260.77 W
2026/10/01 01:04:49.583, NVIDIA GeForce RTX 4090, 88 %, 23898 MiB, 266.20 W
2026/10/01 01:04:51.583, NVIDIA GeForce RTX 4090, 88 %, 23898 MiB, 280.79 W
2026/10/01 01:04:53.584, NVIDIA GeForce RTX 4090, 87 %, 23898 MiB, 260.41 W
2026/10/01 01:04:55.584, NVIDIA GeForce RTX 4090, 96 %, 23898 MiB, 280.35 W
2026/10/01 01:04:57.585, NVIDIA GeForce RTX 4090, 94 %, 23898 MiB, 278.41 W
2026/10/01 01:04:59.585, NVIDIA GeForce RTX 4090, 89 %, 23898 MiB, 284.36 W
2026/10/01 01:05:01.585, NVIDIA GeForce RTX 4090, 96 %, 23898 MiB, 230.02 W
2026/10/01 01:05:03.586, NVIDIA GeForce RTX 4090, 87 %, 23898 MiB, 269.60 W
2026/10/01 01:05:05.586, NVIDIA GeForce RTX 4090, 84 %, 23898 MiB, 264.23 W
2026/10/01 01:05:07.587, NVIDIA GeForce RTX 4090, 89 %, 23898 MiB, 273.14 W
2026/10/01 01:05:09.587, NVIDIA GeForce RTX 4090, 83 %, 23898 MiB, 272.87 W
2026/10/01 01:05:11.587, NVIDIA GeForce RTX 4090, 79 %, 23898 MiB, 281.07 W
2026/10/01 01:05:13.588, NVIDIA GeForce RTX 4090, 96 %, 23898 MiB, 276.91 W
2026/10/01 01:05:15.588, NVIDIA GeForce RTX 4090, 93 %, 23898 MiB, 278.41 W
2026/10/01 01:05:17.589, NVIDIA GeForce RTX 4090, 83 %, 23898 MiB, 263.78 W
2026/10/01 01:05:19.589, NVIDIA GeForce RTX 4090, 81 %, 23898 MiB, 247.90 W
2026/10/01 01:05:21.590, NVIDIA GeForce RTX 4090, 90 %, 23898 MiB, 278.06 W
2026/10/01 01:05:23.590, NVIDIA GeForce RTX 4090, 92 %, 23898 MiB, 279.18 W
2026/10/01 01:05:25.590, NVIDIA GeForce RTX 4090, 95 %, 23898 MiB, 285.02 W
2026/10/01 01:05:27.591, NVIDIA GeForce RTX 4090, 90 %, 23898 MiB, 270.53 W
2026/10/01 01:05:29.591, NVIDIA GeForce RTX 4090, 92 %, 23898 MiB, 270.27 W
2026/10/01 01:05:31.592, NVIDIA GeForce RTX 4090, 86 %, 23898 MiB, 271.00 W
2026/10/01 01:05:33.592, NVIDIA GeForce RTX 4090, 93 %, 23898 MiB, 275.11 W
2026/10/01 01:05:35.592, NVIDIA GeForce RTX 4090, 90 %, 23898 MiB, 268.33 W
2026/10/01 01:05:37.593, NVIDIA GeForce RTX 4090, 97 %, 23898 MiB, 274.17 W
2026/10/01 01:05:39.593, NVIDIA GeForce RTX 4090, 95 %, 23898 MiB, 269.36 W
2026/10/01 01:05:41.594, NVIDIA GeForce RTX 4090, 90 %, 23898 MiB, 282.08 W
2026/10/01 01:05:43.594, NVIDIA GeForce RTX 4090, 94 %, 23898 MiB, 281.90 W
2026/10/01 01:05:45.595, NVIDIA GeForce RTX 4090, 90 %, 23898 MiB, 272.92 W
2026/10/01 01:05:47.595, NVIDIA GeForce RTX 4090, 94 %, 23898 MiB, 277.63 W
2026/10/01 01:05:49.595, NVIDIA GeForce RTX 4090, 99 %, 23898 MiB, 278.24 W
2026/10/01 01:05:51.596, NVIDIA GeForce RTX 4090, 95 %, 23898 MiB, 284.48 W
2026/10/01 01:05:53.596, NVIDIA GeForce RTX 4090, 95 %, 23898 MiB, 284.51 W
2026/10/01 01:05:55.597, NVIDIA GeForce RTX 4090, 99 %, 23898 MiB, 294.07 W
2026/10/01 01:05:57.597, NVIDIA GeForce RTX 4090, 91 %, 23898 MiB, 270.82 W
2026/10/01 01:05:59.597, NVIDIA GeForce RTX 4090, 96 %, 23898 MiB, 275.98 W
2026/10/01 01:06:01.598, NVIDIA GeForce RTX 4090, 93 %, 23898 MiB, 217.66 W
2026/10/01 01:06:03.598, NVIDIA GeForce RTX 4090, 99 %, 23898 MiB, 269.89 W
2026/10/01 01:06:05.599, NVIDIA GeForce RTX 4090, 23 %, 23916 MiB, 227.04 W
2026/10/01 01:06:07.599, NVIDIA GeForce RTX 4090, 50 %, 23916 MiB, 229.87 W
2026/10/01 01:06:09.600, NVIDIA GeForce RTX 4090, 97 %, 23916 MiB, 255.10 W
2026/10/01 01:06:11.600, NVIDIA GeForce RTX 4090, 51 %, 23916 MiB, 254.81 W
2026/10/01 01:06:13.601, NVIDIA GeForce RTX 4090, 99 %, 23916 MiB, 264.18 W
2026/10/01 01:06:15.601, NVIDIA GeForce RTX 4090, 99 %, 23916 MiB, 254.99 W
2026/10/01 01:06:17.602, NVIDIA GeForce RTX 4090, 0 %, 23916 MiB, 196.65 W
2026/10/01 01:06:19.602, NVIDIA GeForce RTX 4090, 99 %, 23918 MiB, 399.12 W
2026/10/01 01:06:21.602, NVIDIA GeForce RTX 4090, 97 %, 23918 MiB, 234.71 W
2026/10/01 01:06:23.603, NVIDIA GeForce RTX 4090, 91 %, 23918 MiB, 249.83 W
2026/10/01 01:06:25.604, NVIDIA GeForce RTX 4090, 99 %, 23918 MiB, 291.32 W
2026/10/01 01:06:27.604, NVIDIA GeForce RTX 4090, 95 %, 23918 MiB, 281.43 W
2026/10/01 01:06:29.604, NVIDIA GeForce RTX 4090, 97 %, 23918 MiB, 288.31 W
2026/10/01 01:06:31.605, NVIDIA GeForce RTX 4090, 51 %, 23918 MiB, 252.56 W
2026/10/01 01:06:33.605, NVIDIA GeForce RTX 4090, 99 %, 23918 MiB, 397.27 W
2026/10/01 01:06:35.606, NVIDIA GeForce RTX 4090, 100 %, 23918 MiB, 265.15 W
2026/10/01 01:06:37.607, NVIDIA GeForce RTX 4090, 99 %, 23918 MiB, 258.82 W
2026/10/01 01:06:39.607, NVIDIA GeForce RTX 4090, 99 %, 23918 MiB, 263.40 W
2026/10/01 01:06:41.607, NVIDIA GeForce RTX 4090, 95 %, 23918 MiB, 270.63 W
2026/10/01 01:06:43.608, NVIDIA GeForce RTX 4090, 99 %, 23918 MiB, 279.31 W
2026/10/01 01:06:45.608, NVIDIA GeForce RTX 4090, 99 %, 23918 MiB, 278.35 W
2026/10/01 01:06:47.608, NVIDIA GeForce RTX 4090, 99 %, 23918 MiB, 275.61 W
2026/10/01 01:06:49.609, NVIDIA GeForce RTX 4090, 99 %, 23918 MiB, 274.64 W
2026/10/01 01:06:51.609, NVIDIA GeForce RTX 4090, 99 %, 23918 MiB, 285.06 W
2026/10/01 01:06:53.609, NVIDIA GeForce RTX 4090, 99 %, 23918 MiB, 282.87 W
2026/10/01 01:06:55.609, NVIDIA GeForce RTX 4090, 99 %, 23918 MiB, 285.82 W
2026/10/01 01:06:57.610, NVIDIA GeForce RTX 4090, 99 %, 23918 MiB, 271.05 W
2026/10/01 01:06:59.610, NVIDIA GeForce RTX 4090, 99 %, 23918 MiB, 269.02 W
2026/10/01 01:07:01.610, NVIDIA GeForce RTX 4090, 99 %, 23918 MiB, 271.50 W
2026/10/01 01:07:03.611, NVIDIA GeForce RTX 4090, 99 %, 23918 MiB, 273.39 W
2026/10/01 01:07:05.611, NVIDIA GeForce RTX 4090, 99 %, 23918 MiB, 286.21 W
2026/10/01 01:07:07.611, NVIDIA GeForce RTX 4090, 99 %, 23918 MiB, 256.66 W
2026/10/01 01:07:09.612, NVIDIA GeForce RTX 4090, 99 %, 23918 MiB, 279.12 W
2026/10/01 01:07:11.612, NVIDIA GeForce RTX 4090, 99 %, 23918 MiB, 284.48 W
2026/10/01 01:07:13.612, NVIDIA GeForce RTX 4090, 99 %, 23918 MiB, 278.73 W
2026/10/01 01:07:15.613, NVIDIA GeForce RTX 4090, 99 %, 23918 MiB, 275.03 W
2026/10/01 01:07:17.613, NVIDIA GeForce RTX 4090, 99 %, 23918 MiB, 263.10 W
2026/10/01 01:07:19.613, NVIDIA GeForce RTX 4090, 99 %, 23918 MiB, 276.10 W
2026/10/01 01:07:21.614, NVIDIA GeForce RTX 4090, 99 %, 23918 MiB, 283.53 W
2026/10/01 01:07:23.614, NVIDIA GeForce RTX 4090, 99 %, 23918 MiB, 275.08 W
2026/10/01 01:07:25.614, NVIDIA GeForce RTX 4090, 95 %, 23918 MiB, 269.77 W
2026/10/01 01:07:27.615, NVIDIA GeForce RTX 4090, 0 %, 23918 MiB, 224.87 W
2026/10/01 01:07:29.615, NVIDIA GeForce RTX 4090, 25 %, 23918 MiB, 230.76 W
2026/10/01 01:07:31.615, NVIDIA GeForce RTX 4090, 0 %, 23918 MiB, 139.62 W
2026/10/01 01:07:33.616, NVIDIA GeForce RTX 4090, 0 %, 23918 MiB, 90.32 W
2026/10/01 01:07:35.616, NVIDIA GeForce RTX 4090, 0 %, 23918 MiB, 76.60 W
2026/10/01 01:07:37.616, NVIDIA GeForce RTX 4090, 0 %, 23918 MiB, 76.55 W
2026/10/01 01:07:39.617, NVIDIA GeForce RTX 4090, 0 %, 23918 MiB, 76.60 W
2026/10/01 01:07:41.617, NVIDIA GeForce RTX 4090, 0 %, 23918 MiB, 76.61 W
2026/10/01 01:07:43.618, NVIDIA GeForce RTX 4090, 0 %, 23918 MiB, 76.58 W
2026/10/01 01:07:45.618, NVIDIA GeForce RTX 4090, 0 %, 23918 MiB, 76.58 W
2026/10/01 01:07:47.618, NVIDIA GeForce RTX 4090, 0 %, 23918 MiB, 76.53 W
2026/10/01 01:07:49.619, NVIDIA GeForce RTX 4090, 0 %, 23918 MiB, 56.10 W
2026/10/01 01:07:51.619, NVIDIA GeForce RTX 4090, 0 %, 23918 MiB, 23.72 W
2026/10/01 01:07:53.620, NVIDIA GeForce RTX 4090, 0 %, 23918 MiB, 23.11 W
2026/10/01 01:07:55.620, NVIDIA GeForce RTX 4090, 0 %, 23918 MiB, 22.59 W
2026/10/01 01:07:57.620, NVIDIA GeForce RTX 4090, 0 %, 23918 MiB, 22.35 W
2026/10/01 01:07:59.621, NVIDIA GeForce RTX 4090, 0 %, 23918 MiB, 22.68 W
2026/10/01 01:08:01.621, NVIDIA GeForce RTX 4090, 0 %, 23918 MiB, 22.24 W
2026/10/01 01:08:03.622, NVIDIA GeForce RTX 4090, 0 %, 23918 MiB, 21.86 W
2026/10/01 01:08:05.622, NVIDIA GeForce RTX 4090, 0 %, 23918 MiB, 22.70 W
2026/10/01 01:08:07.623, NVIDIA GeForce RTX 4090, 0 %, 23918 MiB, 22.21 W
2026/10/01 01:08:09.623, NVIDIA GeForce RTX 4090, 0 %, 23918 MiB, 22.38 W
2026/10/01 01:08:11.624, NVIDIA GeForce RTX 4090, 0 %, 23918 MiB, 22.03 W
2026/10/01 01:08:13.624, NVIDIA GeForce RTX 4090, 0 %, 23918 MiB, 21.76 W
2026/10/01 01:08:15.625, NVIDIA GeForce RTX 4090, 0 %, 23918 MiB, 21.60 W
2026/10/01 01:08:17.625, NVIDIA GeForce RTX 4090, 0 %, 23918 MiB, 22.09 W
2026/10/01 01:08:19.626, NVIDIA GeForce RTX 4090, 0 %, 23918 MiB, 22.16 W
2026/10/01 01:08:21.626, NVIDIA GeForce RTX 4090, 0 %, 23918 MiB, 21.80 W
2026/10/01 01:08:23.627, NVIDIA GeForce RTX 4090, 0 %, 23918 MiB, 21.59 W
2026/10/01 01:08:25.627, NVIDIA GeForce RTX 4090, 0 %, 23918 MiB, 21.59 W
2026/10/01 01:08:27.628, NVIDIA GeForce RTX 4090, 0 %, 23918 MiB, 20.95 W
2026/10/01 01:08:29.628, NVIDIA GeForce RTX 4090, 0 %, 23918 MiB, 21.32 W
2026/10/01 01:08:31.628, NVIDIA GeForce RTX 4090, 0 %, 23918 MiB, 21.02 W
2026/10/01 01:08:33.629, NVIDIA GeForce RTX 4090, 0 %, 23918 MiB, 20.89 W
2026/10/01 01:08:35.629, NVIDIA GeForce RTX 4090, 0 %, 23918 MiB, 20.65 W
2026/10/01 01:08:37.629, NVIDIA GeForce RTX 4090, 0 %, 23918 MiB, 21.00 W
2026/10/01 01:08:39.630, NVIDIA GeForce RTX 4090, 0 %, 23918 MiB, 21.19 W
2026/10/01 01:08:41.630, NVIDIA GeForce RTX 4090, 0 %, 23918 MiB, 21.12 W
2026/10/01 01:08:43.630, NVIDIA GeForce RTX 4090, 0 %, 23918 MiB, 21.32 W
2026/10/01 01:08:45.631, NVIDIA GeForce RTX 4090, 0 %, 23918 MiB, 21.74 W
2026/10/01 01:08:47.631, NVIDIA GeForce RTX 4090, 0 %, 23918 MiB, 21.55 W
2026/10/01 01:08:49.632, NVIDIA GeForce RTX 4090, 0 %, 23918 MiB, 21.20 W
2026/10/01 01:08:51.632, NVIDIA GeForce RTX 4090, 0 %, 23918 MiB, 21.42 W
2026/10/01 01:08:53.632, NVIDIA GeForce RTX 4090, 0 %, 23918 MiB, 21.05 W
2026/10/01 01:08:55.633, NVIDIA GeForce RTX 4090, 0 %, 23918 MiB, 20.82 W
2026/10/01 01:08:57.633, NVIDIA GeForce RTX 4090, 0 %, 23918 MiB, 20.88 W
2026/10/01 01:08:59.633, NVIDIA GeForce RTX 4090, 0 %, 23918 MiB, 20.90 W
2026/10/01 01:09:01.634, NVIDIA GeForce RTX 4090, 0 %, 23918 MiB, 20.62 W
2026/10/01 01:09:03.634, NVIDIA GeForce RTX 4090, 0 %, 23918 MiB, 20.57 W
2026/10/01 01:09:05.634, NVIDIA GeForce RTX 4090, 0 %, 23918 MiB, 20.62 W
2026/10/01 01:09:07.635, NVIDIA GeForce RTX 4090, 0 %, 23918 MiB, 20.88 W
2026/10/01 01:09:09.635, NVIDIA GeForce RTX 4090, 0 %, 23918 MiB, 20.42 W
2026/10/01 01:09:11.636, NVIDIA GeForce RTX 4090, 0 %, 23918 MiB, 20.91 W
2026/10/01 01:09:13.636, NVIDIA GeForce RTX 4090, 0 %, 23918 MiB, 20.30 W
2026/10/01 01:09:15.636, NVIDIA GeForce RTX 4090, 0 %, 23918 MiB, 20.16 W
2026/10/01 01:09:17.637, NVIDIA GeForce RTX 4090, 0 %, 23918 MiB, 20.13 W
2026/10/01 01:09:19.637, NVIDIA GeForce RTX 4090, 0 %, 23918 MiB, 19.50 W
2026/10/01 01:09:21.638, NVIDIA GeForce RTX 4090, 0 %, 23918 MiB, 20.01 W
2026/10/01 01:09:23.638, NVIDIA GeForce RTX 4090, 0 %, 23918 MiB, 19.76 W
2026/10/01 01:09:25.639, NVIDIA GeForce RTX 4090, 0 %, 23918 MiB, 19.61 W
2026/10/01 01:09:27.639, NVIDIA GeForce RTX 4090, 0 %, 23918 MiB, 19.78 W
2026/10/01 01:09:29.640, NVIDIA GeForce RTX 4090, 0 %, 23918 MiB, 19.72 W
2026/10/01 01:09:31.640, NVIDIA GeForce RTX 4090, 0 %, 23918 MiB, 19.81 W
2026/10/01 01:09:33.641, NVIDIA GeForce RTX 4090, 0 %, 23918 MiB, 19.81 W
2026/10/01 01:09:35.641, NVIDIA GeForce RTX 4090, 0 %, 23918 MiB, 20.09 W
2026/10/01 01:09:37.641, NVIDIA GeForce RTX 4090, 0 %, 23918 MiB, 20.20 W
2026/10/01 01:09:39.642, NVIDIA GeForce RTX 4090, 0 %, 23918 MiB, 20.31 W
2026/10/01 01:09:41.642, NVIDIA GeForce RTX 4090, 0 %, 23918 MiB, 20.17 W
2026/10/01 01:09:43.643, NVIDIA GeForce RTX 4090, 0 %, 23918 MiB, 19.96 W
2026/10/01 01:09:45.643, NVIDIA GeForce RTX 4090, 0 %, 23918 MiB, 20.00 W
2026/10/01 01:09:47.644, NVIDIA GeForce RTX 4090, 0 %, 23918 MiB, 19.73 W
2026/10/01 01:09:49.644, NVIDIA GeForce RTX 4090, 0 %, 23918 MiB, 19.91 W
2026/10/01 01:09:51.645, NVIDIA GeForce RTX 4090, 0 %, 23918 MiB, 20.28 W
2026/10/01 01:09:53.645, NVIDIA GeForce RTX 4090, 0 %, 23918 MiB, 20.11 W
2026/10/01 01:09:55.645, NVIDIA GeForce RTX 4090, 0 %, 23918 MiB, 20.60 W
2026/10/01 01:09:57.646, NVIDIA GeForce RTX 4090, 0 %, 23918 MiB, 20.50 W
2026/10/01 01:09:59.646, NVIDIA GeForce RTX 4090, 0 %, 23918 MiB, 20.25 W
2026/10/01 01:10:01.647, NVIDIA GeForce RTX 4090, 0 %, 23918 MiB, 20.28 W
2026/10/01 01:10:03.647, NVIDIA GeForce RTX 4090, 0 %, 23918 MiB, 20.41 W
2026/10/01 01:10:05.647, NVIDIA GeForce RTX 4090, 0 %, 23918 MiB, 20.50 W
2026/10/01 01:10:07.648, NVIDIA GeForce RTX 4090, 0 %, 23918 MiB, 20.56 W
2026/10/01 01:10:09.648, NVIDIA GeForce RTX 4090, 0 %, 23918 MiB, 20.46 W
2026/10/01 01:10:11.649, NVIDIA GeForce RTX 4090, 0 %, 23918 MiB, 21.02 W
2026/10/01 01:10:13.649, NVIDIA GeForce RTX 4090, 0 %, 23918 MiB, 21.12 W
2026/10/01 01:10:15.649, NVIDIA GeForce RTX 4090, 0 %, 23918 MiB, 20.41 W
2026/10/01 01:10:17.650, NVIDIA GeForce RTX 4090, 0 %, 23918 MiB, 19.68 W
2026/10/01 01:10:19.650, NVIDIA GeForce RTX 4090, 0 %, 23918 MiB, 19.79 W
2026/10/01 01:10:21.651, NVIDIA GeForce RTX 4090, 0 %, 23918 MiB, 19.94 W
2026/10/01 01:10:23.651, NVIDIA GeForce RTX 4090, 0 %, 23918 MiB, 20.26 W
2026/10/01 01:10:25.652, NVIDIA GeForce RTX 4090, 0 %, 23918 MiB, 20.17 W
2026/10/01 01:10:27.652, NVIDIA GeForce RTX 4090, 0 %, 23918 MiB, 20.30 W
2026/10/01 01:10:29.653, NVIDIA GeForce RTX 4090, 14 %, 23918 MiB, 32.66 W
2026/10/01 01:10:31.653, NVIDIA GeForce RTX 4090, 96 %, 23918 MiB, 236.53 W
2026/10/01 01:10:33.654, NVIDIA GeForce RTX 4090, 0 %, 23918 MiB, 115.25 W
2026/10/01 01:10:35.654, NVIDIA GeForce RTX 4090, 0 %, 23918 MiB, 82.04 W
2026/10/01 01:10:37.655, NVIDIA GeForce RTX 4090, 0 %, 23918 MiB, 76.20 W
2026/10/01 01:10:39.655, NVIDIA GeForce RTX 4090, 0 %, 23918 MiB, 76.25 W
2026/10/01 01:10:41.655, NVIDIA GeForce RTX 4090, 0 %, 23918 MiB, 76.22 W
2026/10/01 01:10:43.656, NVIDIA GeForce RTX 4090, 0 %, 23918 MiB, 76.24 W
2026/10/01 01:10:45.656, NVIDIA GeForce RTX 4090, 0 %, 23918 MiB, 76.30 W
2026/10/01 01:10:47.656, NVIDIA GeForce RTX 4090, 0 %, 23918 MiB, 76.31 W
2026/10/01 01:10:49.657, NVIDIA GeForce RTX 4090, 0 %, 23918 MiB, 76.28 W
2026/10/01 01:10:51.657, NVIDIA GeForce RTX 4090, 0 %, 23918 MiB, 30.97 W
2026/10/01 01:10:53.657, NVIDIA GeForce RTX 4090, 0 %, 23918 MiB, 20.21 W
2026/10/01 01:10:55.658, NVIDIA GeForce RTX 4090, 0 %, 23918 MiB, 20.34 W
2026/10/01 01:10:57.658, NVIDIA GeForce RTX 4090, 0 %, 23918 MiB, 20.04 W
2026/10/01 01:10:59.659, NVIDIA GeForce RTX 4090, 0 %, 23918 MiB, 20.75 W
2026/10/01 01:11:01.659, NVIDIA GeForce RTX 4090, 0 %, 23918 MiB, 20.45 W
2026/10/01 01:11:03.659, NVIDIA GeForce RTX 4090, 0 %, 23918 MiB, 20.38 W
2026/10/01 01:11:05.660, NVIDIA GeForce RTX 4090, 0 %, 23918 MiB, 20.81 W
2026/10/01 01:11:07.660, NVIDIA GeForce RTX 4090, 0 %, 23918 MiB, 20.89 W
2026/10/01 01:11:09.661, NVIDIA GeForce RTX 4090, 0 %, 23918 MiB, 20.06 W
2026/10/01 01:11:11.661, NVIDIA GeForce RTX 4090, 0 %, 23918 MiB, 20.66 W
2026/10/01 01:11:13.661, NVIDIA GeForce RTX 4090, 0 %, 23918 MiB, 20.31 W
2026/10/01 01:11:15.662, NVIDIA GeForce RTX 4090, 0 %, 23918 MiB, 19.91 W
2026/10/01 01:11:17.662, NVIDIA GeForce RTX 4090, 0 %, 23918 MiB, 20.10 W
2026/10/01 01:11:19.662, NVIDIA GeForce RTX 4090, 0 %, 23918 MiB, 20.12 W
2026/10/01 01:11:21.663, NVIDIA GeForce RTX 4090, 0 %, 23918 MiB, 20.66 W
2026/10/01 01:11:23.663, NVIDIA GeForce RTX 4090, 0 %, 23918 MiB, 20.55 W
2026/10/01 01:11:25.663, NVIDIA GeForce RTX 4090, 0 %, 23918 MiB, 20.56 W
2026/10/01 01:11:27.664, NVIDIA GeForce RTX 4090, 0 %, 23918 MiB, 20.15 W
2026/10/01 01:11:29.664, NVIDIA GeForce RTX 4090, 29 %, 23918 MiB, 228.62 W
2026/10/01 01:11:31.665, NVIDIA GeForce RTX 4090, 52 %, 23918 MiB, 235.71 W
2026/10/01 01:11:33.665, NVIDIA GeForce RTX 4090, 0 %, 23918 MiB, 146.39 W
2026/10/01 01:11:35.665, NVIDIA GeForce RTX 4090, 0 %, 23918 MiB, 88.65 W
2026/10/01 01:11:37.666, NVIDIA GeForce RTX 4090, 0 %, 23918 MiB, 76.12 W
2026/10/01 01:11:39.666, NVIDIA GeForce RTX 4090, 0 %, 23918 MiB, 76.14 W
2026/10/01 01:11:41.667, NVIDIA GeForce RTX 4090, 0 %, 23918 MiB, 76.12 W
2026/10/01 01:11:43.667, NVIDIA GeForce RTX 4090, 0 %, 23918 MiB, 76.19 W
2026/10/01 01:11:45.667, NVIDIA GeForce RTX 4090, 0 %, 23918 MiB, 76.25 W
2026/10/01 01:11:47.668, NVIDIA GeForce RTX 4090, 0 %, 23918 MiB, 76.23 W
2026/10/01 01:11:49.668, NVIDIA GeForce RTX 4090, 0 %, 23918 MiB, 76.22 W
2026/10/01 01:11:51.669, NVIDIA GeForce RTX 4090, 0 %, 23918 MiB, 52.97 W
2026/10/01 01:11:53.669, NVIDIA GeForce RTX 4090, 0 %, 23918 MiB, 23.15 W
2026/10/01 01:11:55.670, NVIDIA GeForce RTX 4090, 0 %, 23918 MiB, 21.92 W
2026/10/01 01:11:57.670, NVIDIA GeForce RTX 4090, 0 %, 23918 MiB, 21.84 W
2026/10/01 01:11:59.671, NVIDIA GeForce RTX 4090, 0 %, 23918 MiB, 21.06 W
2026/10/01 01:12:01.671, NVIDIA GeForce RTX 4090, 0 %, 23918 MiB, 21.15 W
2026/10/01 01:12:03.672, NVIDIA GeForce RTX 4090, 0 %, 23918 MiB, 21.33 W
2026/10/01 01:12:05.672, NVIDIA GeForce RTX 4090, 0 %, 23918 MiB, 20.83 W
2026/10/01 01:12:07.672, NVIDIA GeForce RTX 4090, 100 %, 23918 MiB, 37.83 W
2026/10/01 01:12:09.673, NVIDIA GeForce RTX 4090, 96 %, 23918 MiB, 248.50 W
2026/10/01 01:12:11.674, NVIDIA GeForce RTX 4090, 51 %, 23918 MiB, 234.48 W
2026/10/01 01:12:13.674, NVIDIA GeForce RTX 4090, 99 %, 23918 MiB, 244.41 W
2026/10/01 01:12:15.675, NVIDIA GeForce RTX 4090, 91 %, 23918 MiB, 244.92 W
2026/10/01 01:12:17.675, NVIDIA GeForce RTX 4090, 99 %, 23918 MiB, 238.73 W
2026/10/01 01:12:19.675, NVIDIA GeForce RTX 4090, 99 %, 23918 MiB, 232.41 W
2026/10/01 01:12:21.676, NVIDIA GeForce RTX 4090, 0 %, 23918 MiB, 145.69 W
2026/10/01 01:12:23.676, NVIDIA GeForce RTX 4090, 0 %, 23918 MiB, 89.44 W
2026/10/01 01:12:25.677, NVIDIA GeForce RTX 4090, 0 %, 23918 MiB, 76.38 W
2026/10/01 01:12:27.677, NVIDIA GeForce RTX 4090, 0 %, 23918 MiB, 76.38 W
2026/10/01 01:12:29.678, NVIDIA GeForce RTX 4090, 0 %, 23918 MiB, 76.40 W
2026/10/01 01:12:31.678, NVIDIA GeForce RTX 4090, 0 %, 23918 MiB, 76.39 W
2026/10/01 01:12:33.678, NVIDIA GeForce RTX 4090, 0 %, 23918 MiB, 76.40 W
2026/10/01 01:12:35.679, NVIDIA GeForce RTX 4090, 0 %, 23918 MiB, 76.35 W
2026/10/01 01:12:37.679, NVIDIA GeForce RTX 4090, 0 %, 23918 MiB, 76.36 W
2026/10/01 01:12:39.680, NVIDIA GeForce RTX 4090, 0 %, 23918 MiB, 53.67 W
2026/10/01 01:12:41.680, NVIDIA GeForce RTX 4090, 0 %, 23918 MiB, 23.81 W
2026/10/01 01:12:43.681, NVIDIA GeForce RTX 4090, 0 %, 23918 MiB, 21.44 W
2026/10/01 01:12:45.681, NVIDIA GeForce RTX 4090, 0 %, 23918 MiB, 21.77 W
2026/10/01 01:12:47.682, NVIDIA GeForce RTX 4090, 0 %, 23918 MiB, 21.62 W
2026/10/01 01:12:49.682, NVIDIA GeForce RTX 4090, 0 %, 23918 MiB, 21.32 W
2026/10/01 01:12:51.683, NVIDIA GeForce RTX 4090, 0 %, 23918 MiB, 21.76 W
2026/10/01 01:12:53.683, NVIDIA GeForce RTX 4090, 0 %, 23918 MiB, 21.66 W
2026/10/01 01:12:55.684, NVIDIA GeForce RTX 4090, 0 %, 23918 MiB, 22.33 W
2026/10/01 01:12:57.684, NVIDIA GeForce RTX 4090, 0 %, 23918 MiB, 21.43 W
2026/10/01 01:12:59.684, NVIDIA GeForce RTX 4090, 0 %, 23918 MiB, 21.26 W
2026/10/01 01:13:01.685, NVIDIA GeForce RTX 4090, 0 %, 23918 MiB, 21.86 W
2026/10/01 01:13:03.685, NVIDIA GeForce RTX 4090, 0 %, 23918 MiB, 21.86 W
2026/10/01 01:13:05.686, NVIDIA GeForce RTX 4090, 0 %, 23918 MiB, 20.83 W
2026/10/01 01:13:07.686, NVIDIA GeForce RTX 4090, 0 %, 23918 MiB, 21.01 W
2026/10/01 01:13:09.687, NVIDIA GeForce RTX 4090, 0 %, 23918 MiB, 21.58 W
2026/10/01 01:13:11.687, NVIDIA GeForce RTX 4090, 0 %, 23918 MiB, 21.36 W
2026/10/01 01:13:13.687, NVIDIA GeForce RTX 4090, 0 %, 23918 MiB, 20.92 W
2026/10/01 01:13:15.688, NVIDIA GeForce RTX 4090, 0 %, 23918 MiB, 21.31 W
2026/10/01 01:13:17.688, NVIDIA GeForce RTX 4090, 0 %, 23918 MiB, 21.16 W
2026/10/01 01:13:19.688, NVIDIA GeForce RTX 4090, 0 %, 23918 MiB, 20.39 W
2026/10/01 01:13:21.689, NVIDIA GeForce RTX 4090, 0 %, 23918 MiB, 20.01 W
2026/10/01 01:13:23.689, NVIDIA GeForce RTX 4090, 0 %, 23918 MiB, 20.05 W
2026/10/01 01:13:25.689, NVIDIA GeForce RTX 4090, 0 %, 23918 MiB, 20.03 W
2026/10/01 01:13:27.690, NVIDIA GeForce RTX 4090, 0 %, 23918 MiB, 20.63 W
2026/10/01 01:13:29.690, NVIDIA GeForce RTX 4090, 0 %, 23918 MiB, 20.18 W
2026/10/01 01:13:31.691, NVIDIA GeForce RTX 4090, 95 %, 23918 MiB, 212.01 W
2026/10/01 01:13:33.691, NVIDIA GeForce RTX 4090, 0 %, 23918 MiB, 110.88 W
2026/10/01 01:13:35.691, NVIDIA GeForce RTX 4090, 0 %, 23918 MiB, 81.74 W
2026/10/01 01:13:37.692, NVIDIA GeForce RTX 4090, 0 %, 23918 MiB, 76.26 W
2026/10/01 01:13:39.692, NVIDIA GeForce RTX 4090, 0 %, 23918 MiB, 76.25 W
2026/10/01 01:13:41.693, NVIDIA GeForce RTX 4090, 0 %, 23918 MiB, 76.26 W
2026/10/01 01:13:43.693, NVIDIA GeForce RTX 4090, 0 %, 23918 MiB, 76.26 W
2026/10/01 01:13:45.693, NVIDIA GeForce RTX 4090, 0 %, 23918 MiB, 76.27 W
2026/10/01 01:13:47.694, NVIDIA GeForce RTX 4090, 0 %, 23918 MiB, 76.29 W
2026/10/01 01:13:49.694, NVIDIA GeForce RTX 4090, 0 %, 23918 MiB, 75.30 W
2026/10/01 01:13:51.694, NVIDIA GeForce RTX 4090, 0 %, 23918 MiB, 25.96 W
2026/10/01 01:13:53.695, NVIDIA GeForce RTX 4090, 0 %, 23918 MiB, 21.44 W
2026/10/01 01:13:55.695, NVIDIA GeForce RTX 4090, 0 %, 23918 MiB, 21.08 W
2026/10/01 01:13:57.696, NVIDIA GeForce RTX 4090, 0 %, 23918 MiB, 20.80 W
2026/10/01 01:13:59.696, NVIDIA GeForce RTX 4090, 0 %, 23918 MiB, 20.66 W
2026/10/01 01:14:01.696, NVIDIA GeForce RTX 4090, 0 %, 23918 MiB, 20.72 W
2026/10/01 01:14:03.697, NVIDIA GeForce RTX 4090, 0 %, 23918 MiB, 20.35 W
2026/10/01 01:14:05.697, NVIDIA GeForce RTX 4090, 0 %, 23918 MiB, 20.33 W
2026/10/01 01:14:07.698, NVIDIA GeForce RTX 4090, 0 %, 23918 MiB, 20.25 W
2026/10/01 01:14:09.698, NVIDIA GeForce RTX 4090, 0 %, 23918 MiB, 19.75 W
2026/10/01 01:14:11.698, NVIDIA GeForce RTX 4090, 0 %, 23918 MiB, 19.35 W
2026/10/01 01:14:13.699, NVIDIA GeForce RTX 4090, 0 %, 23918 MiB, 19.38 W
2026/10/01 01:14:15.699, NVIDIA GeForce RTX 4090, 0 %, 23918 MiB, 19.12 W
2026/10/01 01:14:17.699, NVIDIA GeForce RTX 4090, 0 %, 23918 MiB, 19.30 W
2026/10/01 01:14:19.700, NVIDIA GeForce RTX 4090, 0 %, 23918 MiB, 18.91 W
2026/10/01 01:14:21.700, NVIDIA GeForce RTX 4090, 0 %, 23918 MiB, 19.17 W
2026/10/01 01:14:23.701, NVIDIA GeForce RTX 4090, 0 %, 23918 MiB, 19.11 W
2026/10/01 01:14:25.701, NVIDIA GeForce RTX 4090, 0 %, 23918 MiB, 18.73 W
2026/10/01 01:14:27.701, NVIDIA GeForce RTX 4090, 0 %, 23918 MiB, 18.44 W
2026/10/01 01:14:29.702, NVIDIA GeForce RTX 4090, 0 %, 23918 MiB, 19.18 W
2026/10/01 01:14:31.702, NVIDIA GeForce RTX 4090, 0 %, 23918 MiB, 18.86 W
2026/10/01 01:14:33.703, NVIDIA GeForce RTX 4090, 0 %, 23918 MiB, 19.25 W
2026/10/01 01:14:35.703, NVIDIA GeForce RTX 4090, 0 %, 23918 MiB, 19.15 W
2026/10/01 01:14:37.703, NVIDIA GeForce RTX 4090, 0 %, 23918 MiB, 144.67 W
2026/10/01 01:14:39.704, NVIDIA GeForce RTX 4090, 0 %, 23918 MiB, 85.99 W
2026/10/01 01:14:41.704, NVIDIA GeForce RTX 4090, 0 %, 23918 MiB, 76.03 W
2026/10/01 01:14:43.704, NVIDIA GeForce RTX 4090, 0 %, 23918 MiB, 75.94 W
2026/10/01 01:14:45.705, NVIDIA GeForce RTX 4090, 0 %, 23918 MiB, 76.06 W
2026/10/01 01:14:47.705, NVIDIA GeForce RTX 4090, 0 %, 23918 MiB, 76.02 W
2026/10/01 01:14:49.706, NVIDIA GeForce RTX 4090, 0 %, 23918 MiB, 76.11 W
2026/10/01 01:14:51.706, NVIDIA GeForce RTX 4090, 0 %, 23918 MiB, 76.09 W
2026/10/01 01:14:53.706, NVIDIA GeForce RTX 4090, 7 %, 23918 MiB, 76.19 W
2026/10/01 01:14:55.707, NVIDIA GeForce RTX 4090, 100 %, 23918 MiB, 365.55 W
2026/10/01 01:14:57.707, NVIDIA GeForce RTX 4090, 99 %, 23918 MiB, 238.66 W
2026/10/01 01:14:59.708, NVIDIA GeForce RTX 4090, 100 %, 23918 MiB, 305.12 W
2026/10/01 01:15:01.708, NVIDIA GeForce RTX 4090, 99 %, 23918 MiB, 255.57 W
2026/10/01 01:15:03.709, NVIDIA GeForce RTX 4090, 99 %, 23918 MiB, 254.21 W
2026/10/01 01:15:05.710, NVIDIA GeForce RTX 4090, 99 %, 23918 MiB, 288.42 W
2026/10/01 01:15:07.710, NVIDIA GeForce RTX 4090, 99 %, 23918 MiB, 278.34 W
2026/10/01 01:15:09.710, NVIDIA GeForce RTX 4090, 79 %, 23918 MiB, 251.35 W
2026/10/01 01:15:11.711, NVIDIA GeForce RTX 4090, 99 %, 23918 MiB, 252.94 W
2026/10/01 01:15:13.711, NVIDIA GeForce RTX 4090, 99 %, 23918 MiB, 274.94 W
2026/10/01 01:15:15.711, NVIDIA GeForce RTX 4090, 99 %, 23918 MiB, 238.23 W
2026/10/01 01:15:17.712, NVIDIA GeForce RTX 4090, 99 %, 23918 MiB, 278.86 W
2026/10/01 01:15:19.712, NVIDIA GeForce RTX 4090, 99 %, 23918 MiB, 254.77 W
2026/10/01 01:15:21.713, NVIDIA GeForce RTX 4090, 99 %, 23918 MiB, 250.08 W
2026/10/01 01:15:23.714, NVIDIA GeForce RTX 4090, 99 %, 23918 MiB, 271.90 W
2026/10/01 01:15:25.714, NVIDIA GeForce RTX 4090, 96 %, 23918 MiB, 273.81 W
2026/10/01 01:15:27.714, NVIDIA GeForce RTX 4090, 97 %, 23918 MiB, 231.83 W
2026/10/01 01:15:29.715, NVIDIA GeForce RTX 4090, 70 %, 23918 MiB, 247.75 W
2026/10/01 01:15:31.715, NVIDIA GeForce RTX 4090, 99 %, 23918 MiB, 275.14 W
2026/10/01 01:15:33.716, NVIDIA GeForce RTX 4090, 99 %, 23918 MiB, 228.74 W
2026/10/01 01:15:35.716, NVIDIA GeForce RTX 4090, 89 %, 23918 MiB, 266.12 W
2026/10/01 01:15:37.717, NVIDIA GeForce RTX 4090, 99 %, 23918 MiB, 275.67 W
2026/10/01 01:15:39.717, NVIDIA GeForce RTX 4090, 6 %, 23918 MiB, 261.69 W
2026/10/01 01:15:41.717, NVIDIA GeForce RTX 4090, 61 %, 23918 MiB, 248.47 W
2026/10/01 01:15:43.718, NVIDIA GeForce RTX 4090, 0 %, 23918 MiB, 218.10 W
2026/10/01 01:15:45.718, NVIDIA GeForce RTX 4090, 0 %, 23918 MiB, 116.74 W
2026/10/01 01:15:47.719, NVIDIA GeForce RTX 4090, 0 %, 23918 MiB, 83.21 W
2026/10/01 01:15:49.719, NVIDIA GeForce RTX 4090, 0 %, 23918 MiB, 76.50 W
2026/10/01 01:15:51.720, NVIDIA GeForce RTX 4090, 0 %, 23918 MiB, 76.51 W
2026/10/01 01:15:53.720, NVIDIA GeForce RTX 4090, 0 %, 23918 MiB, 76.46 W
2026/10/01 01:15:55.720, NVIDIA GeForce RTX 4090, 0 %, 23918 MiB, 76.42 W
2026/10/01 01:15:57.721, NVIDIA GeForce RTX 4090, 0 %, 23918 MiB, 76.44 W
2026/10/01 01:15:59.721, NVIDIA GeForce RTX 4090, 0 %, 23918 MiB, 76.47 W
2026/10/01 01:16:01.722, NVIDIA GeForce RTX 4090, 0 %, 23918 MiB, 76.43 W
2026/10/01 01:16:03.722, NVIDIA GeForce RTX 4090, 0 %, 23918 MiB, 28.95 W
2026/10/01 01:16:05.722, NVIDIA GeForce RTX 4090, 0 %, 23918 MiB, 22.58 W
2026/10/01 01:16:07.723, NVIDIA GeForce RTX 4090, 0 %, 23918 MiB, 22.77 W
2026/10/01 01:16:09.723, NVIDIA GeForce RTX 4090, 0 %, 23918 MiB, 22.78 W
2026/10/01 01:16:11.723, NVIDIA GeForce RTX 4090, 0 %, 23918 MiB, 22.64 W
2026/10/01 01:16:13.724, NVIDIA GeForce RTX 4090, 0 %, 23918 MiB, 22.37 W
2026/10/01 01:16:15.724, NVIDIA GeForce RTX 4090, 0 %, 23918 MiB, 22.56 W
2026/10/01 01:16:17.724, NVIDIA GeForce RTX 4090, 0 %, 23918 MiB, 22.54 W
2026/10/01 01:16:19.725, NVIDIA GeForce RTX 4090, 0 %, 23918 MiB, 22.31 W
2026/10/01 01:16:21.725, NVIDIA GeForce RTX 4090, 0 %, 23918 MiB, 22.47 W
2026/10/01 01:16:23.726, NVIDIA GeForce RTX 4090, 0 %, 23918 MiB, 22.22 W
2026/10/01 01:16:25.726, NVIDIA GeForce RTX 4090, 0 %, 23918 MiB, 21.99 W
2026/10/01 01:16:27.726, NVIDIA GeForce RTX 4090, 100 %, 23918 MiB, 41.92 W
2026/10/01 01:16:29.727, NVIDIA GeForce RTX 4090, 99 %, 23918 MiB, 286.70 W
2026/10/01 01:16:31.728, NVIDIA GeForce RTX 4090, 89 %, 23918 MiB, 247.01 W
2026/10/01 01:16:33.729, NVIDIA GeForce RTX 4090, 99 %, 23918 MiB, 243.51 W
2026/10/01 01:16:35.729, NVIDIA GeForce RTX 4090, 100 %, 23918 MiB, 325.97 W
2026/10/01 01:16:37.730, NVIDIA GeForce RTX 4090, 48 %, 23918 MiB, 252.72 W
2026/10/01 01:16:39.731, NVIDIA GeForce RTX 4090, 51 %, 23918 MiB, 246.76 W
2026/10/01 01:16:41.731, NVIDIA GeForce RTX 4090, 89 %, 23918 MiB, 240.12 W
2026/10/01 01:16:43.732, NVIDIA GeForce RTX 4090, 86 %, 23918 MiB, 247.77 W
2026/10/01 01:16:45.732, NVIDIA GeForce RTX 4090, 87 %, 23918 MiB, 251.92 W
2026/10/01 01:16:47.732, NVIDIA GeForce RTX 4090, 66 %, 23918 MiB, 215.34 W
2026/10/01 01:16:49.733, NVIDIA GeForce RTX 4090, 0 %, 23918 MiB, 116.52 W
2026/10/01 01:16:51.733, NVIDIA GeForce RTX 4090, 0 %, 23918 MiB, 82.41 W
2026/10/01 01:16:53.734, NVIDIA GeForce RTX 4090, 0 %, 23918 MiB, 76.42 W
2026/10/01 01:16:55.734, NVIDIA GeForce RTX 4090, 0 %, 23918 MiB, 76.40 W
2026/10/01 01:16:57.735, NVIDIA GeForce RTX 4090, 0 %, 23918 MiB, 76.44 W
2026/10/01 01:16:59.735, NVIDIA GeForce RTX 4090, 0 %, 23918 MiB, 76.40 W
2026/10/01 01:17:01.736, NVIDIA GeForce RTX 4090, 0 %, 23918 MiB, 76.41 W
2026/10/01 01:17:03.736, NVIDIA GeForce RTX 4090, 0 %, 23918 MiB, 76.39 W
2026/10/01 01:17:05.736, NVIDIA GeForce RTX 4090, 0 %, 23918 MiB, 76.47 W
2026/10/01 01:17:07.737, NVIDIA GeForce RTX 4090, 0 %, 23918 MiB, 27.77 W
2026/10/01 01:17:09.738, NVIDIA GeForce RTX 4090, 0 %, 23918 MiB, 23.04 W
2026/10/01 01:17:11.738, NVIDIA GeForce RTX 4090, 0 %, 23918 MiB, 22.74 W
2026/10/01 01:17:13.738, NVIDIA GeForce RTX 4090, 0 %, 23918 MiB, 21.94 W
2026/10/01 01:17:15.739, NVIDIA GeForce RTX 4090, 0 %, 23918 MiB, 21.89 W
2026/10/01 01:17:17.739, NVIDIA GeForce RTX 4090, 0 %, 23918 MiB, 21.40 W
2026/10/01 01:17:19.739, NVIDIA GeForce RTX 4090, 0 %, 23918 MiB, 21.18 W
2026/10/01 01:17:21.740, NVIDIA GeForce RTX 4090, 0 %, 23918 MiB, 21.35 W
2026/10/01 01:17:23.740, NVIDIA GeForce RTX 4090, 0 %, 23918 MiB, 20.88 W
2026/10/01 01:17:25.740, NVIDIA GeForce RTX 4090, 0 %, 23918 MiB, 20.47 W
2026/10/01 01:17:27.741, NVIDIA GeForce RTX 4090, 0 %, 23918 MiB, 21.02 W
2026/10/01 01:17:29.741, NVIDIA GeForce RTX 4090, 0 %, 23918 MiB, 21.71 W
2026/10/01 01:17:31.742, NVIDIA GeForce RTX 4090, 0 %, 23918 MiB, 21.20 W
2026/10/01 01:17:33.742, NVIDIA GeForce RTX 4090, 0 %, 23918 MiB, 20.90 W
2026/10/01 01:17:35.742, NVIDIA GeForce RTX 4090, 100 %, 23918 MiB, 36.96 W
2026/10/01 01:17:37.743, NVIDIA GeForce RTX 4090, 99 %, 23918 MiB, 218.07 W
2026/10/01 01:17:39.744, NVIDIA GeForce RTX 4090, 8 %, 23918 MiB, 258.21 W
2026/10/01 01:17:41.744, NVIDIA GeForce RTX 4090, 0 %, 23918 MiB, 107.51 W
2026/10/01 01:17:43.744, NVIDIA GeForce RTX 4090, 0 %, 23918 MiB, 81.95 W
2026/10/01 01:17:45.745, NVIDIA GeForce RTX 4090, 0 %, 23918 MiB, 76.35 W
2026/10/01 01:17:47.745, NVIDIA GeForce RTX 4090, 0 %, 23918 MiB, 76.33 W
2026/10/01 01:17:49.745, NVIDIA GeForce RTX 4090, 0 %, 23918 MiB, 76.31 W
2026/10/01 01:17:51.746, NVIDIA GeForce RTX 4090, 0 %, 23918 MiB, 76.37 W
2026/10/01 01:17:53.746, NVIDIA GeForce RTX 4090, 0 %, 23918 MiB, 76.34 W
2026/10/01 01:17:55.746, NVIDIA GeForce RTX 4090, 0 %, 23918 MiB, 76.38 W
2026/10/01 01:17:57.747, NVIDIA GeForce RTX 4090, 0 %, 23918 MiB, 67.85 W
2026/10/01 01:17:59.747, NVIDIA GeForce RTX 4090, 0 %, 23918 MiB, 24.94 W
2026/10/01 01:18:01.747, NVIDIA GeForce RTX 4090, 0 %, 23918 MiB, 21.28 W
2026/10/01 01:18:03.748, NVIDIA GeForce RTX 4090, 0 %, 23918 MiB, 21.30 W
2026/10/01 01:18:05.748, NVIDIA GeForce RTX 4090, 0 %, 23918 MiB, 21.60 W
2026/10/01 01:18:07.748, NVIDIA GeForce RTX 4090, 0 %, 23918 MiB, 21.20 W
2026/10/01 01:18:09.749, NVIDIA GeForce RTX 4090, 0 %, 23918 MiB, 20.72 W
2026/10/01 01:18:11.749, NVIDIA GeForce RTX 4090, 0 %, 23918 MiB, 20.27 W
2026/10/01 01:18:13.750, NVIDIA GeForce RTX 4090, 0 %, 23918 MiB, 20.85 W
2026/10/01 01:18:15.750, NVIDIA GeForce RTX 4090, 0 %, 23918 MiB, 20.83 W
2026/10/01 01:18:17.750, NVIDIA GeForce RTX 4090, 0 %, 23918 MiB, 20.63 W
2026/10/01 01:18:19.751, NVIDIA GeForce RTX 4090, 0 %, 23918 MiB, 20.06 W
2026/10/01 01:18:21.751, NVIDIA GeForce RTX 4090, 0 %, 23918 MiB, 20.26 W
2026/10/01 01:18:23.752, NVIDIA GeForce RTX 4090, 92 %, 23918 MiB, 234.41 W
2026/10/01 01:18:25.753, NVIDIA GeForce RTX 4090, 85 %, 23918 MiB, 262.84 W
2026/10/01 01:18:27.753, NVIDIA GeForce RTX 4090, 94 %, 23918 MiB, 264.36 W
2026/10/01 01:18:29.753, NVIDIA GeForce RTX 4090, 0 %, 23918 MiB, 113.61 W
2026/10/01 01:18:31.754, NVIDIA GeForce RTX 4090, 0 %, 23918 MiB, 81.97 W
2026/10/01 01:18:33.754, NVIDIA GeForce RTX 4090, 0 %, 23918 MiB, 76.28 W
